"AA","ARMED FORCES AMERICA","US"
"AB","ALBERTA","CA"
"AD-03","Encamp","AD"
"AD-04","La Massana","AD"
"AD-05","Ordino","AD"
"AD-06","Sant Julia de Loria","AD"
"AD-07","Andorra la Vella","AD"
"AD-08","Escaldes-Engordany","AD"
"AE","ARMED FORCES","US"
"AE-AJ","Ajman","AE"
"AE-AZ","Abu Dhabi","AE"
"AE-DU","Dubai","AE"
"AE-FU","Fujairah","AE"
"AE-RK","Ras Al Khaimah","AE"
"AE-SH","Sharjah","AE"
"AE-UQ","Umm Al Quwain","AE"
"AF-BAL","Balkh","AF"
"AF-BAM","Bamian","AF"
"AF-BDG","Badghis","AF"
"AF-BDS","Badakhshan","AF"
"AF-BGL","Baghlan","AF"
"AF-DAY","Daykondi","AF"
"AF-FRA","Farah","AF"
"AF-FYB","Faryab","AF"
"AF-GHA","Ghazni","AF"
"AF-GHO","Ghowr","AF"
"AF-HEL","Helmand","AF"
"AF-HER","Herat","AF"
"AF-JOW","Jowzjan","AF"
"AF-KAB","Kabol","AF"
"AF-KAN","Kandahar","AF"
"AF-KAP","Kapisa","AF"
"AF-KDZ","Kondoz","AF"
"AF-KHO","Khowst","AF"
"AF-KNR","Konar","AF"
"AF-LAG","Laghman","AF"
"AF-LOG","Lowgar","AF"
"AF-NAN","Nangarhar","AF"
"AF-NTM","Nimruz","AF"
"AF-NUR","Nurestan","AF"
"AF-PAN","Panjshir","AF"
"AF-PAR","Parvan","AF"
"AF-PIA","Paktia","AF"
"AF-PKA","Paktika","AF"
"AF-SAM","Samangan","AF"
"AF-SAR","Sar-e Pol","AF"
"AF-TAK","Takhar","AF"
"AF-URU","Oruzgan","AF"
"AF-WAR","Vardak","AF"
"AF-ZAB","Zabol","AF"
"AG-04","Saint John","AG"
"AG-05","Saint Mary","AG"
"AG-06","Saint Paul","AG"
"AG-10","Antigua and Barbuda","AG"
"AK","ALASKA","US"
"AL","ALABAMA","US"
"AL-01","Berat","AL"
"AL-02","Durres","AL"
"AL-03","Elbasan","AL"
"AL-04","Fier","AL"
"AL-05","Gjirokaster","AL"
"AL-06","Korce","AL"
"AL-07","Kukes","AL"
"AL-08","Lezhe","AL"
"AL-09","Diber","AL"
"AL-10","Shkoder","AL"
"AL-11","Tirane","AL"
"AL-12","Vlore","AL"
"AM-AG","Aragatsotn","AM"
"AM-AR","Ararat","AM"
"AM-AV","Armavir","AM"
"AM-ER","Yerevan","AM"
"AM-GR","Geghark'unik'","AM"
"AM-KT","Kotayk'","AM"
"AM-LO","Lorri","AM"
"AM-SH","Shirak","AM"
"AM-SU","Syunik'","AM"
"AM-TV","Tavush","AM"
"AM-VD","Vayots' Dzor","AM"
"AO-BGO","Bengo","AO"
"AO-BGU","Benguela","AO"
"AO-BIE","Bie","AO"
"AO-CAB","Cabinda","AO"
"AO-CCU","Cuando Cubango","AO"
"AO-CNN","Cunene","AO"
"AO-CNO","Cuanza Norte","AO"
"AO-CUS","Cuanza Sul","AO"
"AO-HUA","Huambo","AO"
"AO-HUI","Huila","AO"
"AO-LNO","Lunda Norte","AO"
"AO-LSU","Lunda Sul","AO"
"AO-LUA","Luanda","AO"
"AO-MAL","Malanje","AO"
"AO-MOX","Moxico","AO"
"AO-NAM","Namibe","AO"
"AO-UIG","Uige","AO"
"AO-ZAI","Zaire","AO"
"AP","ARMED FORCES PACIFIC","US"
"AR","ARKANSAS","US"
"AR-A","Salta","AR"
"AR-B","Buenos Aires","AR"
"AR-D","San Luis","AR"
"AR-E","Entre Rios","AR"
"AR-F","La Rioja","AR"
"AR-G","Santiago del Estero","AR"
"AR-H","Chaco","AR"
"AR-J","San Juan","AR"
"AR-K","Catamarca","AR"
"AR-L","La Pampa","AR"
"AR-M","Mendoza","AR"
"AR-N","Misiones","AR"
"AR-P","Formosa","AR"
"AR-Q","Neuquen","AR"
"AR-R","Rio Negro","AR"
"AR-S","Santa Fe","AR"
"AR-T","Tucuman","AR"
"AR-U","Chubut","AR"
"AR-V","Tierra del Fuego","AR"
"AR-W","Corrientes","AR"
"AR-X","Cordoba","AR"
"AR-Y","Jujuy","AR"
"AR-Z","Santa Cruz","AR"
"AS","AMERICAN SAMOA","US"
"AT-1","Burgenland","AT"
"AT-2","Karnten","AT"
"AT-3","Niederosterreich","AT"
"AT-4","Oberosterreich","AT"
"AT-5","Salzburg","AT"
"AT-6","Steiermark","AT"
"AT-7","Tirol","AT"
"AT-8","Vorarlberg","AT"
"AT-9","Wien","AT"
"AU-ACT","Australian Capital Territory","AU"
"AU-NSW","New South Wales","AU"
"AU-NT","Northern Territory","AU"
"AU-QLD","Queensland","AU"
"AU-SA","South Australia","AU"
"AU-TAS","Tasmania","AU"
"AU-VIC","Victoria","AU"
"AU-WA","Western Australia","AU"
"AZ","ARIZONA","US"
"AZ-AB ","Ali Bayramli","AZ"
"AZ-ABS","Abseron","AZ"
"AZ-AGA","Agstafa","AZ"
"AZ-AGC","Agcabadi","AZ"
"AZ-AGM","Agdam","AZ"
"AZ-AGS","Agdas","AZ"
"AZ-AGU","Agsu","AZ"
"AZ-AST","Astara","AZ"
"AZ-BA","Baki","AZ"
"AZ-BAL","Balakan","AZ"
"AZ-BAR","Barda","AZ"
"AZ-BEY","Beylaqan","AZ"
"AZ-BIL","Bilasuvar","AZ"
"AZ-CAB","Cabrayil","AZ"
"AZ-CAL","Calilabad","AZ"
"AZ-DAS","Daskasan","AZ"
"AZ-FUZ","Fuzuli","AZ"
"AZ-GA","Ganca","AZ"
"AZ-GAD","Gadabay","AZ"
"AZ-GOR","Goranboy","AZ"
"AZ-GOY","Goycay","AZ"
"AZ-HAC","Haciqabul","AZ"
"AZ-IMI","Imisli","AZ"
"AZ-ISM","Ismayilli","AZ"
"AZ-KAL","Kalbacar","AZ"
"AZ-LAC","Lacin","AZ"
"AZ-LAN","Lankaran","AZ"
"AZ-LER","Lerik","AZ"
"AZ-MAS","Masalli","AZ"
"AZ-MI","Mingacevir","AZ"
"AZ-NA","Naftalan","AZ"
"AZ-NEF","Neftcala","AZ"
"AZ-NV","Naxcivan","AZ"
"AZ-OGU","Oguz","AZ"
"AZ-QAB","Qabala","AZ"
"AZ-QAX","Qax","AZ"
"AZ-QAZ","Qazax","AZ"
"AZ-QBA","Quba","AZ"
"AZ-QBI","Qubadli","AZ"
"AZ-QOB","Qobustan","AZ"
"AZ-QUS","Qusar","AZ"
"AZ-SAB","Sabirabad","AZ"
"AZ-SAK","Saki","AZ"
"AZ-SAL","Salyan","AZ"
"AZ-SAT","Saatli","AZ"
"AZ-SKR","Samkir","AZ"
"AZ-SM","Sumqayit","AZ"
"AZ-SMI","Samaxi","AZ"
"AZ-SMX","Samux","AZ"
"AZ-SUS","Susa","AZ"
"AZ-TAR","Tartar","AZ"
"AZ-TOV","Tovuz","AZ"
"AZ-UCA","Ucar","AZ"
"AZ-XA","Xankandi","AZ"
"AZ-XAC","Xacmaz","AZ"
"AZ-XAN","Xanlar","AZ"
"AZ-XCI","Xocali","AZ"
"AZ-XTZ","Xizi","AZ"
"AZ-XVD","Xocavand","AZ"
"AZ-YAR","Yardimli","AZ"
"AZ-YEV","Yevlax","AZ"
"AZ-ZAN","Zangilan","AZ"
"AZ-ZAQ","Zaqatala","AZ"
"AZ-ZAR","Zardab","AZ"
"BA-BIH","Federation of Bosnia and Herzegovina","BA"
"BA-SRP","Republika Srpska","BA"
"BB-01","Christ Church","BB"
"BB-04","Saint James","BB"
"BB-06","Saint Joseph","BB"
"BB-08","Saint Michael","BB"
"BB-09","Saint Peter","BB"
"BC","BRITISH COLUMBIA","CA"
"BD-A","Barisal","BD"
"BD-B","Chittagong","BD"
"BD-C","Dhaka","BD"
"BD-D","Khulna","BD"
"BD-E","Rajshahi","BD"
"BD-F","Rangpur","BD"
"BD-G","Sylhet","BD"
"BE-BRU","Brussels Hoofdstedelijk Gewest","BE"
"BE-VAN","Antwerpen","BE"
"BE-VBR","Vlaams-Brabant","BE"
"BE-VOV","Oost-Vlaanderen","BE"
"BE-VWV","West-Vlaanderen","BE"
"BE-WBR","Brabant Wallon","BE"
"BE-WHT","Hainaut","BE"
"BE-WLG","Liege","BE"
"BE-WLX","Luxembourg","BE"
"BE-WNA","Namur","BE"
"BF-ABN","Banwa","BF"
"BF-BAL","Bale","BF"
"BF-BAM","Bam","BF"
"BF-BAZ","Bazega","BF"
"BF-BGR","Bougouriba","BF"
"BF-BLG","Boulgou","BF"
"BF-BLK","Boulkiemde","BF"
"BF-COM","Komoe","BF"
"BF-GAN","Ganzourgou","BF"
"BF-GNA","Gnagna","BF"
"BF-GOU","Gourma","BF"
"BF-HOU","Houet","BF"
"BF-IOB","Ioba","BF"
"BF-KAD","Kadiogo","BF"
"BF-KEN","Kenedougou","BF"
"BF-KMD","Komondjari","BF"
"BF-KMP","Kompienga","BF"
"BF-KOP","Koulpelogo","BF"
"BF-KOS","Kossi","BF"
"BF-KOT","Kouritenga","BF"
"BF-KOW","Kourweogo","BF"
"BF-LER","Leraba","BF"
"BF-LOR","Loroum","BF"
"BF-MOU","Mouhoun","BF"
"BF-NAM","Namentenga","BF"
"BF-NAO","Naouri","BF"
"BF-NAY","Nayala","BF"
"BF-NOU","Noumbiel","BF"
"BF-OUB","Oubritenga","BF"
"BF-OUD","Oudalan","BF"
"BF-PAS","Passore","BF"
"BF-PON","Poni","BF"
"BF-SEN","Seno","BF"
"BF-SIS","Sissili","BF"
"BF-SMT","Sanmatenga","BF"
"BF-SNG","Sanguie","BF"
"BF-SOM","Soum","BF"
"BF-SOR","Sourou","BF"
"BF-TAP","Tapoa","BF"
"BF-TUI","Tuy","BF"
"BF-YAG","Yagha","BF"
"BF-YAT","Yatenga","BF"
"BF-ZIR","Ziro","BF"
"BF-ZON","Zondoma","BF"
"BF-ZOU","Zoundweogo","BF"
"BG-01","Blagoevgrad","BG"
"BG-02","Burgas","BG"
"BG-03","Varna","BG"
"BG-04","Veliko Turnovo","BG"
"BG-05","Vidin","BG"
"BG-06","Vratsa","BG"
"BG-07","Gabrovo","BG"
"BG-08","Dobrich","BG"
"BG-09","Kurdzhali","BG"
"BG-10","Kyustendil","BG"
"BG-11","Lovech","BG"
"BG-12","Montana","BG"
"BG-13","Pazardzhik","BG"
"BG-14","Pernik","BG"
"BG-15","Pleven","BG"
"BG-16","Plovdiv","BG"
"BG-17","Razgrad","BG"
"BG-18","Ruse","BG"
"BG-19","Silistra","BG"
"BG-20","Sliven","BG"
"BG-21","Smolyan","BG"
"BG-22","Grad Sofiya","BG"
"BG-23","Sofiya","BG"
"BG-24","Stara Zagora","BG"
"BG-25","Turgovishte","BG"
"BG-26","Khaskovo","BG"
"BG-27","Shumen","BG"
"BG-28","Yambol","BG"
"BG-VLI","Limburg","BG"
"BH-13","Al Asimah","BH"
"BH-15","Al Muharraq","BH"
"BH-16","Al Wusta","BH"
"BH-17","Ash Shamaliyah","BH"
"BI-BB","Bubanza","BI"
"BI-BM","Bujumbura Mairie","BI"
"BI-BR","Bururi","BI"
"BI-CA","Cankuzo","BI"
"BI-CI","Cibitoke","BI"
"BI-GI","Gitega","BI"
"BI-KI","Kirundo","BI"
"BI-KR","Karuzi","BI"
"BI-KY","Kayanza","BI"
"BI-MA","Makamba","BI"
"BI-MU","Muramvya","BI"
"BI-MW","Mwaro","BI"
"BI-MY","Muyinga","BI"
"BI-NG","Ngozi","BI"
"BI-RT","Rutana","BI"
"BI-RY","Ruyigi","BI"
"BJ-AK","Atakora","BJ"
"BJ-AL","Alibori","BJ"
"BJ-AQ","Atlantique","BJ"
"BJ-BO","Borgou","BJ"
"BJ-CO","Collines","BJ"
"BJ-DO","Donga","BJ"
"BJ-KO","Kouffo","BJ"
"BJ-LI","Littoral","BJ"
"BJ-MO","Mono","BJ"
"BJ-OU","Oueme","BJ"
"BJ-PL","Plateau","BJ"
"BJ-ZO","Zou","BJ"
"BN-BE","Belait","BN"
"BN-BM","Brunei and Muara","BN"
"BN-TE","Temburong","BN"
"BN-TU","Tutong","BN"
"BO-B","El Beni","BO"
"BO-C","Cochabamba","BO"
"BO-H","Chuquisaca","BO"
"BO-L","La Paz","BO"
"BO-N","Pando","BO"
"BO-O","Oruro","BO"
"BO-P","Potosi","BO"
"BO-S","Santa Cruz","BO"
"BO-T","Tarija","BO"
"BQ-BO","Bonaire","BQ"
"BQ-SA","Saba","BQ"
"BQ-SE","Sint Eustatius","BQ"
"BR-AC","Acre","BR"
"BR-AL","Alagoas","BR"
"BR-AM","Amazonas","BR"
"BR-AP","Amapa","BR"
"BR-BA","Bahia","BR"
"BR-CE","Ceara","BR"
"BR-DF","Distrito Federal","BR"
"BR-ES","Espirito Santo","BR"
"BR-GO","Goias","BR"
"BR-MA","Maranhao","BR"
"BR-MG","Minas Gerais","BR"
"BR-MS","Mato Grosso do Sul","BR"
"BR-MT","Mato Grosso","BR"
"BR-PA","Para","BR"
"BR-PB","Paraiba","BR"
"BR-PE","Pernambuco","BR"
"BR-PI","Piaui","BR"
"BR-PR","Parana","BR"
"BR-RJ","Rio de Janeiro","BR"
"BR-RN","Rio Grande do Norte","BR"
"BR-RO","Rondonia","BR"
"BR-RR","Roraima","BR"
"BR-RS","Rio Grande do Sul","BR"
"BR-SC","Santa Catarina","BR"
"BR-SE","Sergipe","BR"
"BR-SP","Sao Paulo","BR"
"BR-TO","Tocantins","BR"
"BS-FC","Fresh Creek","BS"
"BS-FP","Freeport","BS"
"BS-HI","Harbour Island","BS"
"BS-HR","High Rock","BS"
"BS-LI","Long Island","BS"
"BS-MH","Marsh Harbour","BS"
"BS-NP","New Providence","BS"
"BS-RS","Rock Sound","BS"
"BT-11","Paro","BT"
"BT-12","Chhukha","BT"
"BT-13","Ha","BT"
"BT-15","Thimphu","BT"
"BT-22","Daga","BT"
"BT-23","Punakha","BT"
"BT-32","Tongsa","BT"
"BT-34","Shemgang","BT"
"BT-42","Mongar","BT"
"BT-GA","Gasa","BT"
"BT-TY","Trashi Yangste","BT"
"BW-CE","Central","BW"
"BW-GH","Ghanzi","BW"
"BW-KG","Kgalagadi","BW"
"BW-KL","Kgatleng","BW"
"BW-KW","Kweneng","BW"
"BW-NE","North-East","BW"
"BW-NW","North-West","BW"
"BW-SE","South-East","BW"
"BW-SO","Southern","BW"
"BY-BR","Brestskaya Voblasts'","BY"
"BY-HO","Homyel'skaya Voblasts'","BY"
"BY-HR","Hrodzyenskaya Voblasts'","BY"
"BY-MA","Mahilyowskaya Voblasts'","BY"
"BY-MI","Minskaya Voblasts'","BY"
"BY-VI","Vitsyebskaya Voblasts'","BY"
"BZ-BZ","Belize","BZ"
"BZ-CY","Cayo","BZ"
"BZ-CZL","Corozal","BZ"
"BZ-OW","Orange Walk","BZ"
"BZ-SC","Stann Creek","BZ"
"BZ-TOL","Toledo","BZ"
"CA","CALIFORNIA","US"
"CD-BC","Bas-Congo","CD"
"CD-BN","Bandundu","CD"
"CD-EQ","Equateur","CD"
"CD-KA","Katanga","CD"
"CD-KE","Kasai-Oriental","CD"
"CD-KN","Kinshasa","CD"
"CD-KW","Kasai-Occidental","CD"
"CD-MA","Maniema","CD"
"CD-NK","Nord-Kivu","CD"
"CD-OR","Orientale","CD"
"CD-SK","Sud-Kivu","CD"
"CF-AC","Ouham","CF"
"CF-BB","Bamingui-Bangoran","CF"
"CF-BGF","Bangui","CF"
"CF-BK","Basse-Kotto","CF"
"CF-HK","Haute-Kotto","CF"
"CF-HM","Haut-Mbomou","CF"
"CF-HS","Mambere-Kadei","CF"
"CF-KG","Kemo","CF"
"CF-LB","Lobaye","CF"
"CF-MB","Mbomou","CF"
"CF-MP","Ombella-Mpoko","CF"
"CF-NM","Nana-Mambere","CF"
"CF-OP","Ouham-Pende","CF"
"CF-SE","Sangha-Mbaere","CF"
"CF-UK","Ouaka","CF"
"CG-11","Bouenza","CG"
"CG-12","Pool","CG"
"CG-13","Sangha","CG"
"CG-14","Plateaux","CG"
"CG-15","Cuvette-Ouest","CG"
"CG-2","Lekoumou","CG"
"CG-7","Likouala","CG"
"CG-8","Cuvette","CG"
"CG-9","Niari","CG"
"CG-BZV","Brazzaville","CG"
"CH-AG","Aargau","CH"
"CH-AI","Inner-Rhoden","CH"
"CH-AR","Ausser-Rhoden","CH"
"CH-BE","Bern","CH"
"CH-BL","Basel-Landschaft","CH"
"CH-BS","Basel-Stadt","CH"
"CH-FR","Fribourg","CH"
"CH-GE","Geneve","CH"
"CH-GL","Glarus","CH"
"CH-GR","Graubunden","CH"
"CH-JU","Jura","CH"
"CH-LU","Luzern","CH"
"CH-NE","Neuchatel","CH"
"CH-NW","Nidwalden","CH"
"CH-OW","Obwalden","CH"
"CH-SG","Sankt Gallen","CH"
"CH-SH","Schaffhausen","CH"
"CH-SO","Solothurn","CH"
"CH-SZ","Schwyz","CH"
"CH-TG","Thurgau","CH"
"CH-TI","Ticino","CH"
"CH-UR","Uri","CH"
"CH-VD","Vaud","CH"
"CH-VS","Valais","CH"
"CH-ZG","Zug","CH"
"CH-ZH","Zurich","CH"
"CL-AI","Aisen del General Carlos Ibanez del Campo","CL"
"CL-AN","Antofagasta","CL"
"CL-AP","Arica y Parinacota","CL"
"CL-AR","Araucania","CL"
"CL-AT","Atacama","CL"
"CL-BI","Bio-Bio","CL"
"CL-CO","Coquimbo","CL"
"CL-LI","Libertador General Bernardo O'Higgins","CL"
"CL-LL","Los Lagos","CL"
"CL-LR","Los Rios","CL"
"CL-MA","Magallanes y de la Antartica Chilena","CL"
"CL-ML","Maule","CL"
"CL-RM","Region Metropolitana","CL"
"CL-TA","Tarapaca","CL"
"CL-VS","Valparaiso","CL"
"CM-AD","Adamaoua","CM"
"CM-CE","Centre","CM"
"CM-EN","Extreme-Nord","CM"
"CM-ES","Est","CM"
"CM-LT","Littoral","CM"
"CM-NO","Nord","CM"
"CM-NW","Nord-Ouest","CM"
"CM-OU","Ouest","CM"
"CM-SU","Sud","CM"
"CM-SW","Sud-Ouest","CM"
"CN-11","Beijing","CN"
"CN-12","Tianjin","CN"
"CN-13","Hebei","CN"
"CN-14","Shanxi","CN"
"CN-15","Nei Mongol","CN"
"CN-21","Liaoning","CN"
"CN-22","Jilin","CN"
"CN-23","Heilongjiang","CN"
"CN-31","Shanghai","CN"
"CN-32","Jiangsu","CN"
"CN-33","Zhejiang","CN"
"CN-34","Anhui","CN"
"CN-35","Fujian","CN"
"CN-36","Jiangxi","CN"
"CN-37","Shandong","CN"
"CN-41","Henan","CN"
"CN-42","Hubei","CN"
"CN-43","Hunan","CN"
"CN-44","Guangdong","CN"
"CN-45","Guangxi","CN"
"CN-46","Hainan","CN"
"CN-50","Chongqing","CN"
"CN-51","Sichuan","CN"
"CN-52","Guizhou","CN"
"CN-53","Yunnan","CN"
"CN-54","Xizang","CN"
"CN-61","Shaanxi","CN"
"CN-62","Gansu","CN"
"CN-63","Qinghai","CN"
"CN-64","Ningxia","CN"
"CN-65","Xinjiang","CN"
"CO","COLORADO","US"
"CO-AMA","Amazonas","CO"
"CO-ANT","Antioquia","CO"
"CO-ARA","Arauca","CO"
"CO-ATL","Atlantico","CO"
"CO-BOL","Bolivar","CO"
"CO-BOY","Boyaca","CO"
"CO-CAL","Caldas","CO"
"CO-CAQ","Caqueta","CO"
"CO-CAS","Casanare","CO"
"CO-CAU","Cauca","CO"
"CO-CES","Cesar","CO"
"CO-CHO","Choco","CO"
"CO-COR","Cordoba","CO"
"CO-CUN","Cundinamarca","CO"
"CO-GUA","Guainia","CO"
"CO-GUV","Guaviare","CO"
"CO-HUI","Huila","CO"
"CO-LAG","La Guajira","CO"
"CO-MAG","Magdalena","CO"
"CO-MET","Meta","CO"
"CO-NAR","Narino","CO"
"CO-NSA","Norte de Santander","CO"
"CO-PUT","Putumayo","CO"
"CO-QUI","Quindio","CO"
"CO-RIS","Risaralda","CO"
"CO-SAN","Santander","CO"
"CO-SAP","San Andres y Providencia","CO"
"CO-SUC","Sucre","CO"
"CO-TOL","Tolima","CO"
"CO-VAC","Valle del Cauca","CO"
"CO-VAU","Vaupes","CO"
"CO-VID","Vichada","CO"
"CR-A","Alajuela","CR"
"CR-C","Cartago","CR"
"CR-G","Guanacaste","CR"
"CR-H","Heredia","CR"
"CR-L","Limon","CR"
"CR-P","Puntarenas","CR"
"CR-SJ","San Jose","CR"
"CT","CONNECTICUT","US"
"CU-01","Pinar del Rio","CU"
"CU-02","La Habana","CU"
"CU-03","Ciudad de la Habana","CU"
"CU-04","Matanzas","CU"
"CU-05","Villa Clara","CU"
"CU-06","Cienfuegos","CU"
"CU-07","Sancti Spiritus","CU"
"CU-08","Ciego de Avila","CU"
"CU-09","Camaguey","CU"
"CU-10","Las Tunas","CU"
"CU-11","Holguin","CU"
"CU-12","Granma","CU"
"CU-13","Santiago de Cuba","CU"
"CU-14","Guantanamo","CU"
"CU-99","Isla de la Juventud","CU"
"CV-BR","Brava","CV"
"CV-BV","Boa Vista","CV"
"CV-CA","Santa Catarina","CV"
"CV-CF","Santa Catarina do Fogo","CV"
"CV-CR","Santa Cruz","CV"
"CV-MA","Maio","CV"
"CV-MO","Mosteiros","CV"
"CV-PA","Paul","CV"
"CV-PN","Porto Novo","CV"
"CV-PR","Praia","CV"
"CV-RB","Ribeira Brava","CV"
"CV-RG","Ribeira Grande","CV"
"CV-RS","Ribeira Grande de Santiago","CV"
"CV-SD","Sao Domingos","CV"
"CV-SF","Sao Filipe","CV"
"CV-SL","Sal","CV"
"CV-SM","Sao Miguel","CV"
"CV-SS","Sao Salvador do Mundo","CV"
"CV-SV","Sao Vicente","CV"
"CV-TA","Tarrafal","CV"
"CV-TS","Tarrafal de Sao Nicolau","CV"
"CY-01","Nicosia","CY"
"CY-02","Limassol","CY"
"CY-03","Larnaca","CY"
"CY-04","Famagusta","CY"
"CY-05","Paphos","CY"
"CY-06","Kyrenia","CY"
"CZ-JC","Jihocesky kraj","CZ"
"CZ-JM","Jihomoravsky kraj","CZ"
"CZ-KA","Karlovarsky kraj","CZ"
"CZ-KR","Kralovehradecky kraj","CZ"
"CZ-LI","Liberecky kraj","CZ"
"CZ-MO","Moravskoslezsky kraj","CZ"
"CZ-OL","Olomoucky kraj","CZ"
"CZ-PA","Pardubicky kraj","CZ"
"CZ-PL","Plzensky kraj","CZ"
"CZ-PR","Hlavni mesto Praha","CZ"
"CZ-ST","Stredocesky kraj","CZ"
"CZ-US","Ustecky kraj","CZ"
"CZ-VY","Vysocina kraj","CZ"
"CZ-ZL","Zlinsky kraj","CZ"
"DC","DISTRICT OF COLUMBIA","US"
"DE","DELAWARE","US"
"DE-BB","Brandenburg","DE"
"DE-BE","Berlin","DE"
"DE-BW","Baden-Wurttemberg","DE"
"DE-BY","Bayern","DE"
"DE-HB","Bremen","DE"
"DE-HE","Hessen","DE"
"DE-HH","Hamburg","DE"
"DE-MV","Mecklenburg-Vorpommern","DE"
"DE-NI","Niedersachsen","DE"
"DE-NW","Nordrhein-Westfalen","DE"
"DE-RP","Rheinland-Pfalz","DE"
"DE-SH","Schleswig-Holstein","DE"
"DE-SL","Saarland","DE"
"DE-SN","Sachsen","DE"
"DE-ST","Sachsen-Anhalt","DE"
"DE-TH","Thuringen","DE"
"DJ-AR","Arta","DJ"
"DJ-AS","Ali Sabieh","DJ"
"DJ-DI","Dikhil","DJ"
"DJ-DJ","Djibouti","DJ"
"DJ-OB","Obock","DJ"
"DJ-TA","Tadjoura","DJ"
"DK-81","Nordjylland","DK"
"DK-82","Midtjylland","DK"
"DK-83","Syddanmark","DK"
"DK-84","Hovedstaden","DK"
"DK-85","Sjelland","DK"
"DM-02","Saint Andrew","DM"
"DM-03","Saint David","DM"
"DM-04","Saint George","DM"
"DM-05","Saint John","DM"
"DM-06","Saint Joseph","DM"
"DM-07","Saint Luke","DM"
"DM-08","Saint Mark","DM"
"DM-09","Saint Patrick","DM"
"DM-10","Saint Paul","DM"
"DO-01","Distrito Nacional","DO"
"DO-02","Azua","DO"
"DO-03","Baoruco","DO"
"DO-04","Barahona","DO"
"DO-05","Dajabon","DO"
"DO-06","Duarte","DO"
"DO-07","Elias Pina","DO"
"DO-08","El Seibo","DO"
"DO-09","Espaillat","DO"
"DO-10","Independencia","DO"
"DO-11","La Altagracia","DO"
"DO-12","La Romana","DO"
"DO-13","La Vega","DO"
"DO-14","Maria Trinidad Sanchez","DO"
"DO-15","Monte Cristi","DO"
"DO-16","Pedernales","DO"
"DO-17","Peravia","DO"
"DO-18","Puerto Plata","DO"
"DO-19","Salcedo","DO"
"DO-20","Samana","DO"
"DO-21","San Cristobal","DO"
"DO-22","San Juan","DO"
"DO-23","San Pedro De Macoris","DO"
"DO-24","Sanchez Ramirez","DO"
"DO-25","Santiago","DO"
"DO-26","Santiago Rodriguez","DO"
"DO-27","Valverde","DO"
"DO-28","Monsenor Nouel","DO"
"DO-29","Monte Plata","DO"
"DO-30","Hato Mayor","DO"
"DZ-01","Adrar","DZ"
"DZ-02","Chlef","DZ"
"DZ-03","Laghouat","DZ"
"DZ-04","Oum el Bouaghi","DZ"
"DZ-05","Batna","DZ"
"DZ-06","Bejaia","DZ"
"DZ-07","Biskra","DZ"
"DZ-08","Bechar","DZ"
"DZ-09","Blida","DZ"
"DZ-10","Bouira","DZ"
"DZ-11","Tamanghasset","DZ"
"DZ-12","Tebessa","DZ"
"DZ-13","Tlemcen","DZ"
"DZ-14","Tiaret","DZ"
"DZ-15","Tizi Ouzou","DZ"
"DZ-16","Alger","DZ"
"DZ-17","Djelfa","DZ"
"DZ-19","Setif","DZ"
"DZ-20","Saida","DZ"
"DZ-21","Skikda","DZ"
"DZ-22","Sidi Bel Abbes","DZ"
"DZ-23","Annaba","DZ"
"DZ-24","Guelma","DZ"
"DZ-25","Constantine","DZ"
"DZ-26","Medea","DZ"
"DZ-27","Mostaganem","DZ"
"DZ-28","M'sila","DZ"
"DZ-29","Mascara","DZ"
"DZ-30","Ouargla","DZ"
"DZ-31","Oran","DZ"
"DZ-32","El Bayadh","DZ"
"DZ-33","Illizi","DZ"
"DZ-34","Bordj Bou Arreridj","DZ"
"DZ-35","Boumerdes","DZ"
"DZ-36","El Tarf","DZ"
"DZ-37","Tindouf","DZ"
"DZ-38","Tissemsilt","DZ"
"DZ-39","El Oued","DZ"
"DZ-40","Khenchela","DZ"
"DZ-41","Souk Ahras","DZ"
"DZ-42","Tipaza","DZ"
"DZ-43","Mila","DZ"
"DZ-44","Ain Defla","DZ"
"DZ-45","Naama","DZ"
"DZ-46","Ain Temouchent","DZ"
"DZ-47","Ghardaia","DZ"
"DZ-48","Relizane","DZ"
"EC-A","Azuay","EC"
"EC-B","Bolivar","EC"
"EC-C","Carchi","EC"
"EC-D","Orellana","EC"
"EC-E","Esmeraldas","EC"
"EC-F","Canar","EC"
"EC-G","Guayas","EC"
"EC-H","Chimborazo","EC"
"EC-I","Imbabura","EC"
"EC-L","Loja","EC"
"EC-M","Manabi","EC"
"EC-N","Napo","EC"
"EC-O","El Oro","EC"
"EC-P","Pichincha","EC"
"EC-R","Los Rios","EC"
"EC-S","Morona-Santiago","EC"
"EC-SE","Santa Elena","EC"
"EC-T","Tungurahua","EC"
"EC-U","Sucumbios","EC"
"EC-W","Galapagos","EC"
"EC-X","Cotopaxi","EC"
"EC-Y","Pastaza","EC"
"EC-Z","Zamora-Chinchipe","EC"
"EE-37","Harjumaa","EE"
"EE-39","Hiiumaa","EE"
"EE-44","Ida-Virumaa","EE"
"EE-49","Jogevamaa","EE"
"EE-51","Jarvamaa","EE"
"EE-57","Laanemaa","EE"
"EE-59","Laane-Virumaa","EE"
"EE-65","Polvamaa","EE"
"EE-67","Parnumaa","EE"
"EE-70","Raplamaa","EE"
"EE-74","Saaremaa","EE"
"EE-78","Tartumaa","EE"
"EE-82","Valgamaa","EE"
"EE-84","Viljandimaa","EE"
"EE-86","Vorumaa","EE"
"EG-ALX","Al Iskandariyah","EG"
"EG-ASN","Aswan","EG"
"EG-AST","Asyut","EG"
"EG-BA","Al Bahr al Ahmar","EG"
"EG-BH","Al Buhayrah","EG"
"EG-BNS","Bani Suwayf","EG"
"EG-C","Al Qahirah","EG"
"EG-DK","Ad Daqahliyah","EG"
"EG-DT","Dumyat","EG"
"EG-FYM","Al Fayyum","EG"
"EG-GH","Al Gharbiyah","EG"
"EG-GZ","Al Jizah","EG"
"EG-IS","Al Isma'iliyah","EG"
"EG-JS","Janub Sina'","EG"
"EG-KB","Al Qalyubiyah","EG"
"EG-KFS","Kafr ash Shaykh","EG"
"EG-KN","Qina","EG"
"EG-LX","Muhafazat al Uqsur","EG"
"EG-MN","Al Minya","EG"
"EG-MNF","Al Minufiyah","EG"
"EG-MT","Matruh","EG"
"EG-PTS","Bur Sa'id","EG"
"EG-SHG","Suhaj","EG"
"EG-SHR","Ash Sharqiyah","EG"
"EG-SIN","Shamal Sina'","EG"
"EG-SUZ","As Suways","EG"
"EG-WAD","Al Wadi al Jadid","EG"
"ER-AN","Anseba","ER"
"ER-DK","Debubawi K'eyih Bahri","ER"
"ER-DU","Debub","ER"
"ER-GB","Gash Barka","ER"
"ER-MA","Ma'akel","ER"
"ER-SK","Semenawi K'eyih Bahri","ER"
"ES-AN","Andalucia","ES"
"ES-AR","Aragon","ES"
"ES-AS","Asturias","ES"
"ES-CB","Cantabria","ES"
"ES-CE","Ceuta","ES"
"ES-CL","Castilla y Leon","ES"
"ES-CM","Castilla-La Mancha","ES"
"ES-CN","Canarias","ES"
"ES-CT","Catalonia","ES"
"ES-EX","Extremadura","ES"
"ES-GA","Galicia","ES"
"ES-IB","Islas Baleares","ES"
"ES-MC","Murcia","ES"
"ES-MD","Madrid","ES"
"ES-ML","Melilla","ES"
"ES-NC","Navarra","ES"
"ES-PV","Pais Vasco","ES"
"ES-RI","La Rioja","ES"
"ES-VC","Comunidad Valenciana","ES"
"ET-AA","Adis Abeba","ET"
"ET-AF","Afar","ET"
"ET-AM","Amara","ET"
"ET-BE","Binshangul Gumuz","ET"
"ET-DD","Dire Dawa","ET"
"ET-GA","Gambela Hizboch","ET"
"ET-HA","Hareri Hizb","ET"
"ET-OR","Oromiya","ET"
"ET-SN","YeDebub Biheroch Bihereseboch na Hizboch","ET"
"ET-SO","Sumale","ET"
"ET-TI","Tigray","ET"
"FI-10","Lapland","FI"
"FJ-C","Central","FJ"
"FJ-N","Northern","FJ"
"FJ-W","Western","FJ"
"FL","FLORIDA","US"
"FM","FEDERATED STATES OF MICRONESIA","US"
"FM-KSA","Kosrae","FM"
"FM-PNI","Pohnpei","FM"
"FM-TRK","Chuuk","FM"
"FM-YAP","Yap","FM"
"FR-A","Alsace","FR"
"FR-B","Aquitaine","FR"
"FR-C","Auvergne","FR"
"FR-D","Bourgogne","FR"
"FR-E","Bretagne","FR"
"FR-F","Centre","FR"
"FR-G","Champagne-Ardenne","FR"
"FR-H","Corse","FR"
"FR-I","Franche-Comte","FR"
"FR-J","Ile-de-France","FR"
"FR-K","Languedoc-Roussillon","FR"
"FR-L","Limousin","FR"
"FR-M","Lorraine","FR"
"FR-N","Midi-Pyrenees","FR"
"FR-O","Nord-Pas-de-Calais","FR"
"FR-P","Basse-Normandie","FR"
"FR-Q","Haute-Normandie","FR"
"FR-R","Pays de la Loire","FR"
"FR-S","Picardie","FR"
"FR-T","Poitou-Charentes","FR"
"FR-U","Provence-Alpes-Cote d'Azur","FR"
"FR-V","Rhone-Alpes","FR"
"GA","GEORGIA","US"
"GA-1","Estuaire","GA"
"GA-2","Haut-Ogooue","GA"
"GA-3","Moyen-Ogooue","GA"
"GA-4","Ngounie","GA"
"GA-5","Nyanga","GA"
"GA-6","Ogooue-Ivindo","GA"
"GA-7","Ogooue-Lolo","GA"
"GA-8","Ogooue-Maritime","GA"
"GA-9","Woleu-Ntem","GA"
"GB-ABC","Armagh, Banbridge and Craigavon","GB"
"GB-ABD","Aberdeenshire","GB"
"GB-ABE","Aberdeen City","GB"
"GB-AGB","Argyll and Bute","GB"
"GB-AGY","Isle of Anglesey","GB"
"GB-AND","Ards and North Down","GB"
"GB-ANN","Antrim and Newtownabbey","GB"
"GB-ANS","Angus","GB"
"GB-BAS","Bath and North East Somerset","GB"
"GB-BBD","Blackburn with Darwen","GB"
"GB-BDF","Bedford","GB"
"GB-BDG","Barking and Dagenham","GB"
"GB-BEN","Brent","GB"
"GB-BEX","Bexley","GB"
"GB-BFS","Belfast","GB"
"GB-BGE","Bridgend","GB"
"GB-BGW","Blaenau Gwent","GB"
"GB-BIR","Birmingham","GB"
"GB-BKM","Buckinghamshire","GB"
"GB-BMH","Bournemouth","GB"
"GB-BNE","Barnet","GB"
"GB-BNH","Brighton and Hove","GB"
"GB-BNS","Barnsley","GB"
"GB-BOL","Bolton","GB"
"GB-BPL","Blackpool","GB"
"GB-BRC","Bracknell Forest","GB"
"GB-BRD","Bradford","GB"
"GB-BRY","Bromley","GB"
"GB-BST","Bristol, City of","GB"
"GB-BUR","Bury","GB"
"GB-CAM","Cambridgeshire","GB"
"GB-CBF","Central Bedfordshire","GB"
"GB-CCG","Causeway Coast and Glens","GB"
"GB-CGN","Ceredigion","GB"
"GB-CHE","Cheshire East","GB"
"GB-CHW","Cheshire West and Chester","GB"
"GB-CLD","Calderdale","GB"
"GB-CLK","Clackmannanshire","GB"
"GB-CMA","Cumbria","GB"
"GB-CMD","Camden","GB"
"GB-CMN","Carmarthenshire","GB"
"GB-CON","Cornwall","GB"
"GB-COV","Coventry","GB"
"GB-CRF","Cardiff","GB"
"GB-CRY","Croydon","GB"
"GB-CWY","Conwy","GB"
"GB-DAL","Darlington","GB"
"GB-DBY","Derbyshire","GB"
"GB-DEN","Denbighshire","GB"
"GB-DER","Derby","GB"
"GB-DEV","Devon","GB"
"GB-DGY","Dumfries and Galloway","GB"
"GB-DNC","Doncaster","GB"
"GB-DND","Dundee City","GB"
"GB-DOR","Dorset","GB"
"GB-DRS","Derry and Strabane","GB"
"GB-DUD","Dudley","GB"
"GB-DUR","Durham, County","GB"
"GB-EAL","Ealing","GB"
"GB-EAY","East Ayrshire","GB"
"GB-EDH","Edinburgh, City of","GB"
"GB-EDU","East Dunbartonshire","GB"
"GB-ELN","East Lothian","GB"
"GB-ELS","Eilean Siar","GB"
"GB-ENF","Enfield","GB"
"GB-ERW","East Renfrewshire","GB"
"GB-ERY","East Riding of Yorkshire","GB"
"GB-ESS","Essex","GB"
"GB-ESX","East Sussex","GB"
"GB-FAL","Falkirk","GB"
"GB-FIF","Fife","GB"
"GB-FLN","Flintshire","GB"
"GB-FMO","Fermanagh and Omagh","GB"
"GB-GAT","Gateshead","GB"
"GB-GLG","Glasgow City","GB"
"GB-GLS","Gloucestershire","GB"
"GB-GRE","Greenwich","GB"
"GB-GWN","Gwynedd","GB"
"GB-HAL","Halton","GB"
"GB-HAM","Hampshire","GB"
"GB-HAV","Havering","GB"
"GB-HCK","Hackney","GB"
"GB-HEF","Herefordshire","GB"
"GB-HIL","Hillingdon","GB"
"GB-HLD","Highland","GB"
"GB-HMF","Hammersmith and Fulham","GB"
"GB-HNS","Hounslow","GB"
"GB-HPL","Hartlepool","GB"
"GB-HRT","Hertfordshire","GB"
"GB-HRW","Harrow","GB"
"GB-HRY","Haringey","GB"
"GB-IOS","Isles of Scilly","GB"
"GB-IOW","Isle of Wight","GB"
"GB-ISL","Islington","GB"
"GB-IVC","Inverclyde","GB"
"GB-KEC","Kensington and Chelsea","GB"
"GB-KEN","Kent","GB"
"GB-KHL","Kingston upon Hull","GB"
"GB-KIR","Kirklees","GB"
"GB-KTT","Kingston upon Thames","GB"
"GB-KWL","Knowsley","GB"
"GB-LAN","Lancashire","GB"
"GB-LBC","Lisburn and Castlereagh","GB"
"GB-LBH","Lambeth","GB"
"GB-LCE","Leicester","GB"
"GB-LDS","Leeds","GB"
"GB-LEC","Leicestershire","GB"
"GB-LEW","Lewisham","GB"
"GB-LIN","Lincolnshire","GB"
"GB-LIV","Liverpool","GB"
"GB-LND","London, City of","GB"
"GB-LUT","Luton","GB"
"GB-MAN","Manchester","GB"
"GB-MDB","Middlesbrough","GB"
"GB-MDW","Medway","GB"
"GB-MEA","Mid and East Antrim","GB"
"GB-MIK","Milton Keynes","GB"
"GB-MLN","Midlothian","GB"
"GB-MON","Monmouthshire","GB"
"GB-MRT","Merton","GB"
"GB-MRY","Moray","GB"
"GB-MTY","Merthyr Tydfil","GB"
"GB-MUL","Mid Ulster","GB"
"GB-NAY","North Ayrshire","GB"
"GB-NBL","Northumberland","GB"
"GB-NEL","North East Lincolnshire","GB"
"GB-NET","Newcastle upon Tyne","GB"
"GB-NFK","Norfolk","GB"
"GB-NGM","Nottingham","GB"
"GB-NLK","North Lanarkshire","GB"
"GB-NLN","North Lincolnshire","GB"
"GB-NMD","	Newry, Mourne and Down","GB"
"GB-NSM","North Somerset","GB"
"GB-NTH","Northamptonshire","GB"
"GB-NTL","Neath Port Talbot","GB"
"GB-NTT","Nottinghamshire","GB"
"GB-NTY","North Tyneside","GB"
"GB-NWM","Newham","GB"
"GB-NWP","Newport","GB"
"GB-NYK","North Yorkshire","GB"
"GB-OLD","Oldham","GB"
"GB-ORK","Orkney Islands","GB"
"GB-OXF","Oxfordshire","GB"
"GB-PEM","Pembrokeshire","GB"
"GB-PKN","Perth and Kinross","GB"
"GB-PLY","Plymouth","GB"
"GB-POL","Poole","GB"
"GB-POR","Portsmouth","GB"
"GB-POW","Powys","GB"
"GB-PTE","Peterborough","GB"
"GB-RCC","Redcar and Cleveland","GB"
"GB-RCH","Rochdale","GB"
"GB-RCT","Rhondda, Cynon, Taff","GB"
"GB-RDB","Redbridge","GB"
"GB-RDG","Reading","GB"
"GB-RFW","Renfrewshire","GB"
"GB-RIC","Richmond upon Thames","GB"
"GB-ROT","Rotherham","GB"
"GB-RUT","Rutland","GB"
"GB-SAW","Sandwell","GB"
"GB-SAY","South Ayrshire","GB"
"GB-SCB","Scottish Borders, The","GB"
"GB-SFK","Suffolk","GB"
"GB-SFT","Sefton","GB"
"GB-SGC","South Gloucestershire","GB"
"GB-SHF","Sheffield","GB"
"GB-SHN","St. Helens","GB"
"GB-SHR","Shropshire","GB"
"GB-SKP","Stockport","GB"
"GB-SLF","Salford","GB"
"GB-SLG","Slough","GB"
"GB-SLK","South Lanarkshire","GB"
"GB-SND","Sunderland","GB"
"GB-SOL","Solihull","GB"
"GB-SOM","Somerset","GB"
"GB-SOS","Southend-on-Sea","GB"
"GB-SRY","Surrey","GB"
"GB-STE","Stoke-on-Trent","GB"
"GB-STG","Stirling","GB"
"GB-STH","Southampton","GB"
"GB-STN","Sutton","GB"
"GB-STS","Staffordshire","GB"
"GB-STT","Stockton-on-Tees","GB"
"GB-STY","South Tyneside","GB"
"GB-SWA","Swansea","GB"
"GB-SWD","Swindon","GB"
"GB-SWK","Southwark","GB"
"GB-TAM","Tameside","GB"
"GB-TFW","Telford and Wrekin","GB"
"GB-THR","Thurrock","GB"
"GB-TOB","Torbay","GB"
"GB-TOF","Torfaen ","GB"
"GB-TRF","Trafford","GB"
"GB-TWH","Tower Hamlets","GB"
"GB-VGL","Vale of Glamorgan, The","GB"
"GB-WAR","Warwickshire","GB"
"GB-WBK","West Berkshire","GB"
"GB-WDU","West Dunbartonshire","GB"
"GB-WFT","Waltham Forest","GB"
"GB-WGN","Wigan","GB"
"GB-WIL","Wiltshire","GB"
"GB-WKF","Wakefield","GB"
"GB-WLL","Walsall","GB"
"GB-WLN","West Lothian","GB"
"GB-WLV","Wolverhampton","GB"
"GB-WND","Wandsworth","GB"
"GB-WNM","Windsor and Maidenhead","GB"
"GB-WOK","Wokingham","GB"
"GB-WOR","Worcestershire","GB"
"GB-WRL","Wirral","GB"
"GB-WRT","Warrington","GB"
"GB-WRX","Wrexham ","GB"
"GB-WSM","Westminster","GB"
"GB-WSX","West Sussex","GB"
"GB-YOR","York","GB"
"GB-ZET","Shetland Islands","GB"
"GD-01","Saint Andrew","GD"
"GD-02","Saint David","GD"
"GD-03","Saint George","GD"
"GD-04","Saint John","GD"
"GD-05","Saint Mark","GD"
"GD-06","Saint Patrick","GD"
"GE-04","Akhalk'alak'is Raioni","GE"
"GE-09","Baghdat'is Raioni","GE"
"GE-11","Borjomis Raioni","GE"
"GE-19","Goris Raioni","GE"
"GE-23","Javis Raioni","GE"
"GE-24","K'arelis Raioni","GE"
"GE-28","Khashuris Raioni","GE"
"GE-61","Vanis Raioni","GE"
"GE-AB","Abkhazia","GE"
"GE-AJ","Ajaria","GE"
"GE-GU","Guria","GE"
"GE-IM","Imereti","GE"
"GE-KA","Kakheti","GE"
"GE-KK","Kvemo Kartli","GE"
"GE-MM","Mtskheta-Mtianeti","GE"
"GE-RL","Racha-Lechkhumi and Kvemo Svaneti","GE"
"GE-SJ","Samtskhe-Javakheti","GE"
"GE-SK","Shida Kartli","GE"
"GE-SZ","Samegrelo and Zemo Svaneti","GE"
"GE-TBS","T'bilisi","GE"
"GH-AA","Greater Accra","GH"
"GH-AH","Ashanti","GH"
"GH-BA","Brong-Ahafo","GH"
"GH-CP","Central","GH"
"GH-EP","Eastern","GH"
"GH-NP","Northern","GH"
"GH-TV","Volta","GH"
"GH-UE","Upper East","GH"
"GH-UW","Upper West","GH"
"GH-WP","Western","GH"
"GL-KU","Kujalleq","GL"
"GL-QA","Qaasuitsup","GL"
"GL-QE","Qeqqata","GL"
"GL-SM","Sermersooq","GL"
"GM-B","Banjul","GM"
"GM-L","Lower River","GM"
"GM-M","Central River","GM"
"GM-N","North Bank","GM"
"GM-U","Upper River","GM"
"GM-W","Western","GM"
"GN-BE","Beyla","GN"
"GN-BF","Boffa","GN"
"GN-BK","Boke","GN"
"GN-C","Conakry","GN"
"GN-CO","Coyah","GN"
"GN-DB","Dabola","GN"
"GN-DI","Dinguiraye","GN"
"GN-DL","Dalaba","GN"
"GN-DU","Dubreka","GN"
"GN-FA","Faranah","GN"
"GN-FO","Forecariah","GN"
"GN-FR","Fria","GN"
"GN-GA","Gaoual","GN"
"GN-GU","Gueckedou","GN"
"GN-KA","Kankan","GN"
"GN-KB","Koubia","GN"
"GN-KD","Kindia","GN"
"GN-KE","Kerouane","GN"
"GN-KN","Koundara","GN"
"GN-KO","Kouroussa","GN"
"GN-KS","Kissidougou","GN"
"GN-LA","Labe","GN"
"GN-LE","Lelouma","GN"
"GN-LO","Lola","GN"
"GN-MC","Macenta","GN"
"GN-MD","Mandiana","GN"
"GN-ML","Mali","GN"
"GN-MM","Mamou","GN"
"GN-NZ","Nzerekore","GN"
"GN-PI","Pita","GN"
"GN-SI","Siguiri","GN"
"GN-TE","Telimele","GN"
"GN-TO","Tougue","GN"
"GN-YO","Yomou","GN"
"GQ-AN","Annobon","GQ"
"GQ-BN","Bioko Norte","GQ"
"GQ-BS","Bioko Sur","GQ"
"GQ-CS","Centro Sur","GQ"
"GQ-KN","Kie-Ntem","GQ"
"GQ-LI","Litoral","GQ"
"GQ-WN","Wele-Nzas","GQ"
"GR-01","Aitolia kai Akarnania","GR"
"GR-03","Voiotia","GR"
"GR-04","Evvoia","GR"
"GR-05","Evritania","GR"
"GR-06","Fthiotis","GR"
"GR-07","Fokis","GR"
"GR-11","Argolis","GR"
"GR-12","Arkadhia","GR"
"GR-13","Akhaia","GR"
"GR-14","Ilia","GR"
"GR-15","Korinthia","GR"
"GR-16","Lakonia","GR"
"GR-17","Messinia","GR"
"GR-21","Zakinthos","GR"
"GR-22","Kerkira","GR"
"GR-23","Kefallinia","GR"
"GR-24","Levkas","GR"
"GR-31","Arta","GR"
"GR-32","Thesprotia","GR"
"GR-33","Ioannina","GR"
"GR-34","Preveza","GR"
"GR-41","Kardhitsa","GR"
"GR-42","Larisa","GR"
"GR-43","Magnisia","GR"
"GR-44","Trikala","GR"
"GR-51","Grevena","GR"
"GR-52","Drama","GR"
"GR-53","Imathia","GR"
"GR-54","Thessaloniki","GR"
"GR-55","Kavala","GR"
"GR-56","Kastoria","GR"
"GR-57","Kilkis","GR"
"GR-58","Kozani","GR"
"GR-59","Pella","GR"
"GR-61","Pieria","GR"
"GR-62","Serrai","GR"
"GR-63","Florina","GR"
"GR-64","Khalkidhiki","GR"
"GR-71","Evros","GR"
"GR-72","Xanthi","GR"
"GR-73","Rodhopi","GR"
"GR-81","Dhodhekanisos","GR"
"GR-82","Kikladhes","GR"
"GR-83","Lesvos","GR"
"GR-84","Samos","GR"
"GR-85","Khios","GR"
"GR-91","Iraklion","GR"
"GR-92","Lasithi","GR"
"GR-93","Rethimni","GR"
"GR-94","Khania","GR"
"GR-A1","Attiki","GR"
"GT-AV","Alta Verapaz","GT"
"GT-BV","Baja Verapaz","GT"
"GT-CM","Chimaltenango","GT"
"GT-CQ","Chiquimula","GT"
"GT-ES","Escuintla","GT"
"GT-GU","Guatemala","GT"
"GT-HU","Huehuetenango","GT"
"GT-IZ","Izabal","GT"
"GT-JA","Jalapa","GT"
"GT-JU","Jutiapa","GT"
"GT-PE","Peten","GT"
"GT-PR","El Progreso","GT"
"GT-QC","Quiche","GT"
"GT-QZ","Quetzaltenango","GT"
"GT-RE","Retalhuleu","GT"
"GT-SA","Sacatepequez","GT"
"GT-SM","San Marcos","GT"
"GT-SO","Solola","GT"
"GT-SR","Santa Rosa","GT"
"GT-SU","Suchitepequez","GT"
"GT-TO","Totonicapan","GT"
"GT-ZA","Zacapa","GT"
"GU","GUAM","US"
"GW-BA","Bafata","GW"
"GW-BL","Bolama","GW"
"GW-BM","Biombo","GW"
"GW-BS","Bissau","GW"
"GW-CA","Cacheu","GW"
"GW-GA","Gabu","GW"
"GW-OI","Oio","GW"
"GW-QU","Quinara","GW"
"GW-TO","Tombali","GW"
"GY-CU","Cuyuni-Mazaruni","GY"
"GY-DE","Demerara-Mahaica","GY"
"GY-EB","East Berbice-Corentyne","GY"
"GY-ES","Essequibo Islands-West Demerara","GY"
"GY-MA","Mahaica-Berbice","GY"
"GY-PM","Pomeroon-Supenaam","GY"
"GY-UD","Upper Demerara-Berbice","GY"
"HI","HAWAII","US"
"HN-AT","Atlantida","HN"
"HN-CH","Choluteca","HN"
"HN-CL","Colon","HN"
"HN-CM","Comayagua","HN"
"HN-CP","Copan","HN"
"HN-CR","Cortes","HN"
"HN-EP","El Paraiso","HN"
"HN-FM","Francisco Morazan","HN"
"HN-GD","Gracias a Dios","HN"
"HN-IB","Islas de la Bahia","HN"
"HN-IN","Intibuca","HN"
"HN-LE","Lempira","HN"
"HN-LP","La Paz","HN"
"HN-OC","Ocotepeque","HN"
"HN-OL","Olancho","HN"
"HN-SB","Santa Barbara","HN"
"HN-VA","Valle","HN"
"HN-YO","Yoro","HN"
"HR-01","Zagrebacka","HR"
"HR-02","Krapinsko-Zagorska","HR"
"HR-03","Sisacko-Moslavacka","HR"
"HR-04","Karlovacka","HR"
"HR-05","Varazdinska","HR"
"HR-06","Koprivnicko-Krizevacka","HR"
"HR-07","Bjelovarsko-Bilogorska","HR"
"HR-08","Primorsko-Goranska","HR"
"HR-09","Licko-Senjska","HR"
"HR-10","Viroviticko-Podravska","HR"
"HR-11","Pozesko-Slavonska","HR"
"HR-12","Brodsko-Posavska","HR"
"HR-13","Zadarska","HR"
"HR-14","Osjecko-Baranjska","HR"
"HR-15","Sibensko-Kninska","HR"
"HR-16","Vukovarsko-Srijemska","HR"
"HR-17","Splitsko-Dalmatinska","HR"
"HR-18","Istarska","HR"
"HR-19","Dubrovacko-Neretvanska","HR"
"HR-20","Medimurska","HR"
"HR-21","Grad Zagreb","HR"
"HT-AR","Artibonite","HT"
"HT-CE","Centre","HT"
"HT-GA","Grand' Anse","HT"
"HT-ND","Nord","HT"
"HT-NE","Nord-Est","HT"
"HT-NI","Nippes","HT"
"HT-NO","Nord-Ouest","HT"
"HT-OU","Ouest","HT"
"HT-SD","Sud","HT"
"HT-SE","Sud-Est","HT"
"HU-BA","Baranya","HU"
"HU-BE","Bekes","HU"
"HU-BK","Bacs-Kiskun","HU"
"HU-BU","Budapest","HU"
"HU-BZ","Borsod-Abauj-Zemplen","HU"
"HU-CS","Csongrad","HU"
"HU-FE","Fejer","HU"
"HU-GS","Gyor-Moson-Sopron","HU"
"HU-HB","Hajdu-Bihar","HU"
"HU-HE","Heves","HU"
"HU-JN","Jasz-Nagykun-Szolnok","HU"
"HU-KE","Komarom-Esztergom","HU"
"HU-NO","Nograd","HU"
"HU-PE","Pest","HU"
"HU-SO","Somogy","HU"
"HU-SZ","Szabolcs-Szatmar-Bereg","HU"
"HU-TO","Tolna","HU"
"HU-VA","Vas","HU"
"HU-VE","Veszprem","HU"
"HU-ZA","Zala","HU"
"IA","IOWA","US"
"ID","IDAHO","US"
"ID-AC","Aceh","ID"
"ID-BA","Bali","ID"
"ID-BB","Kepulauan Bangka Belitung","ID"
"ID-BE","Bengkulu","ID"
"ID-BT","Banten","ID"
"ID-GO","Gorontalo","ID"
"ID-JA","Jambi","ID"
"ID-JB","Jawa Barat","ID"
"ID-JI","Jawa Timur","ID"
"ID-JK","Jakarta Raya","ID"
"ID-JT","Jawa Tengah","ID"
"ID-KB","Kalimantan Barat","ID"
"ID-KI","Kalimantan Timur","ID"
"ID-KR","Kepulauan Riau","ID"
"ID-KS","Kalimantan Selatan","ID"
"ID-KT","Kalimantan Tengah","ID"
"ID-LA","Lampung","ID"
"ID-MA","Maluku","ID"
"ID-MU","Maluku Utara","ID"
"ID-NB","Nusa Tenggara Barat","ID"
"ID-NT","Nusa Tenggara Timur","ID"
"ID-PA","Papua","ID"
"ID-RI","Riau","ID"
"ID-SA","Sulawesi Utara","ID"
"ID-SB","Sumatera Barat","ID"
"ID-SG","Sulawesi Tenggara","ID"
"ID-SN","Sulawesi Selatan","ID"
"ID-SR","Sulawesi Barat","ID"
"ID-SS","Sumatera Selatan","ID"
"ID-ST","Sulawesi Tengah","ID"
"ID-SU","Sumatera Utara","ID"
"ID-YO","Yogyakarta","ID"
"IE-CE","Clare","IE"
"IE-CN","Cavan","IE"
"IE-CO","Cork","IE"
"IE-CW","Carlow","IE"
"IE-D","Dublin","IE"
"IE-DL","Donegal","IE"
"IE-G","Galway","IE"
"IE-KE","Kildare","IE"
"IE-KK","Kilkenny","IE"
"IE-KY","Kerry","IE"
"IE-LD","Longford","IE"
"IE-LH","Louth","IE"
"IE-LK","Limerick","IE"
"IE-LM","Leitrim","IE"
"IE-LS","Laois","IE"
"IE-MH","Meath","IE"
"IE-MN","Monaghan","IE"
"IE-MO","Mayo","IE"
"IE-OY","Offaly","IE"
"IE-RN","Roscommon","IE"
"IE-SO","Sligo","IE"
"IE-TA","Tipperary","IE"
"IE-WD","Waterford","IE"
"IE-WH","Westmeath","IE"
"IE-WW","Wicklow","IE"
"IE-WX","Wexford","IE"
"IL","ILLINOIS","US"
"IL-D","HaDarom","IL"
"IL-HA","Hefa","IL"
"IL-JM","Yerushalayim","IL"
"IL-M","HaMerkaz","IL"
"IL-TA","Tel Aviv","IL"
"IL-Z","HaZafon","IL"
"IN","INDIANA","US"
"IN-AN","Andaman and Nicobar Islands","IN"
"IN-AP","Andhra Pradesh","IN"
"IN-AR","Arunachal Pradesh","IN"
"IN-AS","Assam","IN"
"IN-BR","Bihar","IN"
"IN-CH","Chandigarh","IN"
"IN-CT","Chhattisgarh","IN"
"IN-DD","Daman and Diu","IN"
"IN-DL","Delhi","IN"
"IN-DN","Dadra and Nagar Haveli","IN"
"IN-GA","Goa","IN"
"IN-GJ","Gujarat","IN"
"IN-HP","Himachal Pradesh","IN"
"IN-HR","Haryana","IN"
"IN-JH","Jharkhand","IN"
"IN-JK","Jammu and Kashmir","IN"
"IN-KA","Karnataka","IN"
"IN-KL","Kerala","IN"
"IN-LD","Lakshadweep","IN"
"IN-MH","Maharashtra","IN"
"IN-ML","Meghalaya","IN"
"IN-MN","Manipur","IN"
"IN-MP","Madhya Pradesh","IN"
"IN-MZ","Mizoram","IN"
"IN-NL","Nagaland","IN"
"IN-OR","Orissa","IN"
"IN-PB","Punjab","IN"
"IN-PY","Puducherry","IN"
"IN-RJ","Rajasthan","IN"
"IN-SK","Sikkim","IN"
"IN-TN","Tamil Nadu","IN"
"IN-TR","Tripura","IN"
"IN-UP","Uttar Pradesh","IN"
"IN-UT","Uttarakhand","IN"
"IN-WB","West Bengal","IN"
"IQ-AN","Al Anbar","IQ"
"IQ-AR","Arbil","IQ"
"IQ-BA","Al Basrah","IQ"
"IQ-BB","Babil","IQ"
"IQ-BG","Baghdad","IQ"
"IQ-DA","Dahuk","IQ"
"IQ-DI","Diyala","IQ"
"IQ-DQ","Dhi Qar","IQ"
"IQ-KA","Karbala'","IQ"
"IQ-MA","Maysan","IQ"
"IQ-MU","Al Muthanna","IQ"
"IQ-NA","An Najaf","IQ"
"IQ-NI","Ninawa","IQ"
"IQ-QA","Al Qadisiyah","IQ"
"IQ-SD","Salah ad Din","IQ"
"IQ-SU","As Sulaymaniyah","IQ"
"IQ-TS","At Ta'mim","IQ"
"IQ-WA","Wasit","IQ"
"IR-01","Azarbayjan-e Sharqi","IR"
"IR-02","Ostan-e Azarbayjan-e Gharbi","IR"
"IR-03","Ardabil","IR"
"IR-04","Esfahan","IR"
"IR-05","Ilam","IR"
"IR-06","Bushehr","IR"
"IR-07","Tehran","IR"
"IR-08","Chahar Mahall va Bakhtiari","IR"
"IR-10","Khuzestan","IR"
"IR-11","Zanjan","IR"
"IR-12","Semnan","IR"
"IR-13","Sistan va Baluchestan","IR"
"IR-14","Fars","IR"
"IR-15","Kerman","IR"
"IR-16","Kordestan","IR"
"IR-18","Kohkiluyeh va Buyer Ahmadi","IR"
"IR-19","Gilan","IR"
"IR-20","Lorestan","IR"
"IR-21","Mazandaran","IR"
"IR-22","Markazi","IR"
"IR-23","Hormozgan","IR"
"IR-24","Hamadan","IR"
"IR-25","Yazd","IR"
"IR-26","Qom","IR"
"IR-27","Golestan","IR"
"IR-28","Qazvin","IR"
"IR-29","Khorasan-e Janubi","IR"
"IR-30","Khorasan-e Razavi","IR"
"IR-31","Khorasan-e Shemali","IR"
"IS-1","Hofuoborgarsvaoio","IS"
"IS-2","Suournes","IS"
"IS-3","Vesturland","IS"
"IS-4","Vestfiroir","IS"
"IS-5","Norourland Vestra","IS"
"IS-6","Norourland Eystra","IS"
"IS-7","Austurland","IS"
"IS-8","Suourland","IS"
"IT-21","Piemonte","IT"
"IT-23","Valle d'Aosta","IT"
"IT-25","Lombardia","IT"
"IT-32","Trentino-Alto Adige","IT"
"IT-34","Veneto","IT"
"IT-36","Friuli-Venezia Giulia","IT"
"IT-42","Liguria","IT"
"IT-45","Emilia-Romagna","IT"
"IT-52","Toscana","IT"
"IT-55","Umbria","IT"
"IT-57","Marche","IT"
"IT-62","Lazio","IT"
"IT-65","Abruzzi","IT"
"IT-67","Molise","IT"
"IT-72","Campania","IT"
"IT-75","Puglia","IT"
"IT-77","Basilicata","IT"
"IT-78","Calabria","IT"
"IT-82","Sicilia","IT"
"IT-88","Sardegna","IT"
"JM-01","Kingston","JM"
"JM-02","Saint Andrew","JM"
"JM-03","Saint Thomas","JM"
"JM-04","Portland","JM"
"JM-05","Saint Mary","JM"
"JM-06","Saint Ann","JM"
"JM-07","Trelawny","JM"
"JM-08","Saint James","JM"
"JM-09","Hanover","JM"
"JM-10","Westmoreland","JM"
"JM-11","Saint Elizabeth","JM"
"JM-12","Manchester","JM"
"JM-13","Clarendon","JM"
"JM-14","Saint Catherine","JM"
"JO-AM","'Amman","JO"
"JO-AQ","Al 'Aqabah","JO"
"JO-AT","At Tafilah","JO"
"JO-AZ","Az Zarqa'","JO"
"JO-BA","Al Balqa'","JO"
"JO-IR","Irbid","JO"
"JO-KA","Al Karak","JO"
"JO-MA","Al Mafraq","JO"
"JO-MD","Madaba","JO"
"JO-MN","Ma'an","JO"
"JP-01","Hokkaido","JP"
"JP-02","Aomori","JP"
"JP-03","Iwate","JP"
"JP-04","Miyagi","JP"
"JP-05","Akita","JP"
"JP-06","Yamagata","JP"
"JP-07","Fukushima","JP"
"JP-08","Ibaraki","JP"
"JP-09","Tochigi","JP"
"JP-10","Gumma","JP"
"JP-11","Saitama","JP"
"JP-12","Chiba","JP"
"JP-13","Tokyo","JP"
"JP-14","Kanagawa","JP"
"JP-15","Niigata","JP"
"JP-16","Toyama","JP"
"JP-17","Ishikawa","JP"
"JP-18","Fukui","JP"
"JP-19","Yamanashi","JP"
"JP-20","Nagano","JP"
"JP-21","Gifu","JP"
"JP-22","Shizuoka","JP"
"JP-23","Aichi","JP"
"JP-24","Mie","JP"
"JP-25","Shiga","JP"
"JP-26","Kyoto","JP"
"JP-27","Osaka","JP"
"JP-28","Hyogo","JP"
"JP-29","Nara","JP"
"JP-30","Wakayama","JP"
"JP-31","Tottori","JP"
"JP-32","Shimane","JP"
"JP-33","Okayama","JP"
"JP-34","Hiroshima","JP"
"JP-35","Yamaguchi","JP"
"JP-36","Tokushima","JP"
"JP-37","Kagawa","JP"
"JP-38","Ehime","JP"
"JP-39","Kochi","JP"
"JP-40","Fukuoka","JP"
"JP-41","Saga","JP"
"JP-42","Nagasaki","JP"
"JP-43","Kumamoto","JP"
"JP-44","Oita","JP"
"JP-45","Miyazaki","JP"
"JP-46","Kagoshima","JP"
"JP-47","Okinawa","JP"
"KE-110","Nairobi Area","KE"
"KE-200","Central","KE"
"KE-300","Coast","KE"
"KE-400","Eastern","KE"
"KE-500","North-Eastern","KE"
"KE-600","Nyanza","KE"
"KE-700","Rift Valley","KE"
"KE-800","Western","KE"
"KG-B","Batken","KG"
"KG-C","Chuy","KG"
"KG-GB","Bishkek","KG"
"KG-J","Jalal-Abad","KG"
"KG-N","Naryn","KG"
"KG-O","Osh","KG"
"KG-T","Talas","KG"
"KG-Y","Ysyk-Kol","KG"
"KH-1","Banteay Meanchey","KH"
"KH-10","Kratie","KH"
"KH-11","Mondulkiri","KH"
"KH-12","Phnom Penh","KH"
"KH-13","Preah Vihear","KH"
"KH-14","Prey Veng","KH"
"KH-15","Pursat","KH"
"KH-16","Ratanakiri","KH"
"KH-17","Siem Reap","KH"
"KH-18","Preah Sihanouk","KH"
"KH-19","Stung Treng","KH"
"KH-2","Battambang","KH"
"KH-20","Svay Rieng","KH"
"KH-21","Takeo","KH"
"KH-22","Oddar Meanchey","KH"
"KH-23","Kep","KH"
"KH-24","Pailin","KH"
"KH-3","Kampong Cham","KH"
"KH-4","Kampong Chhnang","KH"
"KH-5","Kampong Speu","KH"
"KH-6","Kampong Thom","KH"
"KH-7","Kampot","KH"
"KH-8","Kandal","KH"
"KH-9","Koh Kong","KH"
"KI-G","Gilbert Islands","KI"
"KI-L","Line Islands","KI"
"KM-A","Anjouan","KM"
"KM-G","Grande Comore","KM"
"KM-M","Moheli","KM"
"KN-03","Saint George Basseterre","KN"
"KN-09","Saint Paul Charlestown","KN"
"KP-01","P'yongyang-si","KP"
"KP-02","P'yongan-namdo","KP"
"KP-03","P'yongan-bukto","KP"
"KP-04","Chagang-do","KP"
"KP-05","Hwanghae-namdo","KP"
"KP-06","Hwanghae-bukto","KP"
"KP-07","Kangwon-do","KP"
"KP-08","Hamgyong-namdo","KP"
"KP-09","Hamgyong-bukto","KP"
"KP-10","Yanggang-do","KP"
"KP-13","Najin Sonbong-si","KP"
"KR-11","Seoul-t'ukpyolsi","KR"
"KR-26","Pusan-jikhalsi","KR"
"KR-27","Taegu-jikhalsi","KR"
"KR-28","Inch'on-jikhalsi","KR"
"KR-29","Kwangju-jikhalsi","KR"
"KR-30","Taejon-jikhalsi","KR"
"KR-31","Ulsan-gwangyoksi","KR"
"KR-41","Kyonggi-do","KR"
"KR-42","Kangwon-do","KR"
"KR-43","Ch'ungch'ong-bukto","KR"
"KR-44","Ch'ungch'ong-namdo","KR"
"KR-45","Cholla-bukto","KR"
"KR-46","Cholla-namdo","KR"
"KR-47","Kyongsang-bukto","KR"
"KR-48","Kyongsang-namdo","KR"
"KR-49","Cheju-do","KR"
"KS","KANSAS","US"
"KW-AH","Al Ahmadi","KW"
"KW-FA","Al Farwaniyah","KW"
"KW-HA","Hawalli","KW"
"KW-JA","Al Jahra","KW"
"KW-KU","Al Asimah","KW"
"KW-MU","Mubarak al Kabir","KW"
"KY","KENTUCKY","US"
"KZ-AKM","Aqmola","KZ"
"KZ-AKT","Aqtobe","KZ"
"KZ-ALA","Almaty","KZ"
"KZ-ALM","Almaty City","KZ"
"KZ-AST","Astana","KZ"
"KZ-ATY","Atyrau","KZ"
"KZ-KAR","Qaraghandy","KZ"
"KZ-KUS","Qostanay","KZ"
"KZ-KZY","Qyzylorda","KZ"
"KZ-MAN","Mangghystau","KZ"
"KZ-PAV","Pavlodar","KZ"
"KZ-ZAP","Bayqonyr","KZ"
"KZ-ZHA","Zhambyl","KZ"
"LA","LOUISIANA","US"
"LA-AT","Attapu","LA"
"LA-BK","Bokeo","LA"
"LA-BL","Bolikhamxai","LA"
"LA-CH","Champasak","LA"
"LA-HO","Houaphan","LA"
"LA-KH","Khoueng Khammouan","LA"
"LA-LM","Loungnamtha","LA"
"LA-LP","Louangphrabang","LA"
"LA-OU","Oudomxai","LA"
"LA-PH","Khoueng Phongsali","LA"
"LA-SL","Khoueng Salavan","LA"
"LA-SV","Khoueng Savannakhet","LA"
"LA-VI","Khoueng Viangchan","LA"
"LA-XA","Xaignabouri","LA"
"LA-XE","Khoueng Xekong","LA"
"LA-XI","Xiangkhoang","LA"
"LB-AK","Aakk","LB"
"LB-AS","Liban-Nord","LB"
"LB-BA","Beyrouth","LB"
"LB-BH","Baalbek-Hermel","LB"
"LB-BI","Beqaa","LB"
"LB-JA","Liban-Sud","LB"
"LB-JL","Mont-Liban","LB"
"LB-NA","Nabatiye","LB"
"LC-01","Anse-la-Raye","LC"
"LC-02","Castries","LC"
"LC-05","Dennery","LC"
"LC-06","Gros-Islet","LC"
"LC-07","Laborie","LC"
"LC-08","Micoud","LC"
"LC-10","Soufriere","LC"
"LC-11","Vieux-Fort","LC"
"LI-01","Balzers","LI"
"LI-02","Eschen","LI"
"LI-03","Gamprin","LI"
"LI-04","Mauren","LI"
"LI-05","Planken","LI"
"LI-06","Ruggell","LI"
"LI-07","Schaan","LI"
"LI-08","Schellenberg","LI"
"LI-09","Triesen","LI"
"LI-10","Triesenberg","LI"
"LI-11","Vaduz","LI"
"LK-8","Uva","LK"
"LK-9","Sabaragamuwa","LK"
"LR-BG","Bong","LR"
"LR-BM","Bomi","LR"
"LR-CM","Grand Cape Mount","LR"
"LR-GB","Grand Bassa","LR"
"LR-GG","Grand Gedeh","LR"
"LR-GK","Grand Kru","LR"
"LR-GP","Gbarpolu","LR"
"LR-LO","Lofa","LR"
"LR-MG","Margibi","LR"
"LR-MO","Montserrado","LR"
"LR-MY","Maryland","LR"
"LR-NI","Nimba","LR"
"LR-RG","River Gee","LR"
"LR-RI","River Cess","LR"
"LR-SI","Sino","LR"
"LS-A","Maseru","LS"
"LS-B","Butha-Buthe","LS"
"LS-C","Leribe","LS"
"LS-D","Berea","LS"
"LS-E","Mafeteng","LS"
"LS-F","Mohales Hoek","LS"
"LS-G","Quthing","LS"
"LS-H","Qachas Nek","LS"
"LS-J","Mokhotlong","LS"
"LS-K","Thaba-Tseka","LS"
"LT-AL","Alytaus Apskritis","LT"
"LT-KL","Klaipedos Apskritis","LT"
"LT-KU","Kauno Apskritis","LT"
"LT-MR","Marijampoles Apskritis","LT"
"LT-PN","Panevezio Apskritis","LT"
"LT-SA","Siauliu Apskritis","LT"
"LT-TA","Taurages Apskritis","LT"
"LT-TE","Telsiu Apskritis","LT"
"LT-UT","Utenos Apskritis","LT"
"LT-VL","Vilniaus Apskritis","LT"
"LU-D","Diekirch","LU"
"LU-G","Grevenmacher","LU"
"LU-L","Luxembourg","LU"
"LV-001","Aglonas","LV"
"LV-002","Aizkraukles","LV"
"LV-003","Aizputes","LV"
"LV-005","Alojas","LV"
"LV-007","Aluksnes","LV"
"LV-011","Adazu","LV"
"LV-012","Babites","LV"
"LV-014","Baltinavas","LV"
"LV-015","Balvu","LV"
"LV-016","Bauskas","LV"
"LV-017","Beverinas","LV"
"LV-018","Brocenu","LV"
"LV-020","Carnikavas","LV"
"LV-021","Cesvaines","LV"
"LV-022","Cesu","LV"
"LV-023","Ciblas","LV"
"LV-025","Daugavpils","LV"
"LV-026","Dobeles","LV"
"LV-027","Dundagas","LV"
"LV-033","Gulbenes","LV"
"LV-034","Iecavas","LV"
"LV-037","Incukalna","LV"
"LV-038","Jaunjelgavas","LV"
"LV-039","Jaunpiebalgas","LV"
"LV-040","Jaunpils","LV"
"LV-041","Jelgavas","LV"
"LV-042","Jekabpils","LV"
"LV-046","Kokneses","LV"
"LV-047","Kraslavas","LV"
"LV-050","Kuldigas","LV"
"LV-052","Kekavas","LV"
"LV-057","Lubanas","LV"
"LV-058","Ludzas","LV"
"LV-059","Madonas","LV"
"LV-061","Malpils","LV"
"LV-067","Ogres","LV"
"LV-068","Olaines","LV"
"LV-069","Ozolnieku","LV"
"LV-073","Preilu","LV"
"LV-077","Rezeknes","LV"
"LV-079","Rojas","LV"
"LV-080","Ropazu","LV"
"LV-082","Rugaju","LV"
"LV-083","Rundales","LV"
"LV-086","Salacgrivas","LV"
"LV-088","Saldus","LV"
"LV-090","Sejas","LV"
"LV-091","Siguldas","LV"
"LV-093","Skrundas","LV"
"LV-095","Stopinu","LV"
"LV-096","Strencu","LV"
"LV-097","Talsu","LV"
"LV-099","Tukuma","LV"
"LV-100","Vainodes","LV"
"LV-101","Valkas","LV"
"LV-103","Varkavas","LV"
"LV-105","Vecumnieku","LV"
"LV-106","Ventspils","LV"
"LV-JEL","Jelgava","LV"
"LV-JUR","Jurmala","LV"
"LV-LE","Liepajas","LV"
"LV-LM","Limbazu","LV"
"LV-LPX","Liepaja","LV"
"LV-RI","Rigas","LV"
"LV-RIX","Riga","LV"
"LV-VM","Valmieras","LV"
"LY-BA","Benghazi","LY"
"LY-BU","Al Butnan","LY"
"LY-DR","Darnah","LY"
"LY-GT","Ghat","LY"
"LY-JA","Al Jabal al Akhdar","LY"
"LY-JG","Al Jabal al Gharbi","LY"
"LY-JI","Al Jifarah","LY"
"LY-JU","Al Jufrah","LY"
"LY-KF","Al Kufrah","LY"
"LY-MB","Al Marqab","LY"
"LY-MI","Misratah","LY"
"LY-MJ","Al Marj","LY"
"LY-MQ","Murzuq","LY"
"LY-NL","Nalut","LY"
"LY-NQ","An Nuqat al Khams","LY"
"LY-SB","Sabha","LY"
"LY-SR","Surt","LY"
"LY-TB","Tripoli","LY"
"LY-WA","Al Wahat","LY"
"LY-WD","Wadi al Hayat","LY"
"LY-WS","Wadi ash Shati'","LY"
"LY-ZA","Az Zawiyah","LY"
"MA","MASSACHUSETTS","US"
"MA-01","Tanger-Tetouan","MA"
"MA-02","Gharb-Chrarda-Beni Hssen","MA"
"MA-03","Taza-Al Hoceima-Taounate","MA"
"MA-04","Oriental","MA"
"MA-05","Fes-Boulemane","MA"
"MA-06","Meknes-Tafilalet","MA"
"MA-07","Rabat-Sale-Zemmour-Zaer","MA"
"MA-08","Grand Casablanca","MA"
"MA-09","Chaouia-Ouardigha","MA"
"MA-10","Doukkala-Abda","MA"
"MA-11","Marrakech-Tensift-Al Haouz","MA"
"MA-12","Tadla-Azilal","MA"
"MA-13","Souss-Massa-Dr","MA"
"MA-14","Guelmim-Es Smara","MA"
"MA-16","Oued Ed-Dahab-Lagouira","MA"
"MB","MANITOBA","CA"
"MC-MO","Monaco","MC"
"MD","MARYLAND","US"
"MD-AN","Anenii Noi","MD"
"MD-BA","Balti","MD"
"MD-BR","Briceni","MD"
"MD-BS","Basarabeasca","MD"
"MD-CA","Cahul","MD"
"MD-CL","Calarasi","MD"
"MD-CM","Cimislia","MD"
"MD-CR","Criuleni","MD"
"MD-CS","Causeni","MD"
"MD-CT","Cantemir","MD"
"MD-CU","Chisinau","MD"
"MD-DO","Donduseni","MD"
"MD-DR","Drochia","MD"
"MD-DU","Dubasari","MD"
"MD-ED","Edinet","MD"
"MD-FA","Falesti","MD"
"MD-FL","Floresti","MD"
"MD-GA","Gagauzia","MD"
"MD-GL","Glodeni","MD"
"MD-HI","Hincesti","MD"
"MD-IA","Ialoveni","MD"
"MD-LE","Leova","MD"
"MD-NI","Nisporeni","MD"
"MD-OC","Ocnita","MD"
"MD-OR","Orhei","MD"
"MD-RE","Rezina","MD"
"MD-RI","Riscani","MD"
"MD-SD","Soldanesti","MD"
"MD-SI","Singerei","MD"
"MD-SN","Stinga Nistrului","MD"
"MD-SO","Soroca","MD"
"MD-ST","Straseni","MD"
"MD-SV","Stefan-Voda","MD"
"MD-TA","Taraclia","MD"
"MD-TE","Telenesti","MD"
"MD-TI","Bender","MD"
"MD-UN","Ungheni","MD"
"ME","MAINE","US"
"ME-02","Opstina Bar","ME"
"ME-05","Opstina Budva","ME"
"ME-06","Opstina Cetinje","ME"
"ME-07","Opstina Danilovgrad","ME"
"ME-08","Opstina Herceg Novi","ME"
"ME-09","Opstina Kolasin","ME"
"ME-10","Opstina Kotor","ME"
"ME-11","Opstina Mojkovac","ME"
"ME-12","Opstina Niksic","ME"
"ME-16","Opstina Podgorica","ME"
"ME-19","Opstina Tivat","ME"
"ME-20","Opstina Ulcinj","ME"
"ME-21","Opstina Zabljak","ME"
"MG-A","Toamasina","MG"
"MG-D","Antsiranana","MG"
"MG-F","Fianarantsoa","MG"
"MG-M","Mahajanga","MG"
"MG-T","Antananarivo","MG"
"MG-U","Toliara","MG"
"MH","MARSHALL ISLANDS","US"
"MH-ALK","Ailuk Atoll","MH"
"MH-ALL","Ailinglaplap Atoll","MH"
"MH-ARN","Arno Atoll","MH"
"MH-AUR","Aur Atoll","MH"
"MH-EBO","Ebon Atoll","MH"
"MH-ENI","Enewetak Atoll","MH"
"MH-JAB","Jabat Island","MH"
"MH-JAL","Jaluit Atoll","MH"
"MH-KIL","Kili Island","MH"
"MH-KWA","Kwajalein Atoll","MH"
"MH-LAE","Lae Atoll","MH"
"MH-LIB","Lib Island","MH"
"MH-LIK","Likiep Atoll","MH"
"MH-MAJ","Majuro Atoll","MH"
"MH-MAL","Maloelap Atoll","MH"
"MH-MEJ","Mejit Island","MH"
"MH-MIL","Mili Atoll","MH"
"MH-NMK","Namdrik Atoll","MH"
"MH-NMU","Namu Atoll","MH"
"MH-RON","Rongelap Atoll","MH"
"MH-UJA","Ujae Atoll","MH"
"MH-UTI","Utrik Atoll","MH"
"MH-WTH","Wotho Atoll","MH"
"MH-WTJ","Wotje Atoll","MH"
"MI","MICHIGAN","US"
"MK-02","Aracinovo","MK"
"MK-03","Berovo","MK"
"MK-04","Bitola","MK"
"MK-05","Bogdanci","MK"
"MK-06","Bogovinje","MK"
"MK-07","Bosilovo","MK"
"MK-08","Brvenica","MK"
"MK-10","Valandovo","MK"
"MK-11","Vasilevo","MK"
"MK-12","Vevcani","MK"
"MK-13","Veles","MK"
"MK-14","Vinica","MK"
"MK-15","Vranestica","MK"
"MK-16","Vrapciste","MK"
"MK-17","Gazi Baba","MK"
"MK-18","Gevgelija","MK"
"MK-19","Gostivar","MK"
"MK-20","Gradsko","MK"
"MK-21","Debar","MK"
"MK-23","Delcevo","MK"
"MK-24","Demir Kapija","MK"
"MK-25","Demir Hisar","MK"
"MK-27","Dolneni","MK"
"MK-28","Drugovo","MK"
"MK-30","Zelino","MK"
"MK-31","Zajas","MK"
"MK-32","Zelenikovo","MK"
"MK-33","Zrnovci","MK"
"MK-34","Ilinden","MK"
"MK-35","Jegunovce","MK"
"MK-36","Kavadarci","MK"
"MK-37","Karbinci","MK"
"MK-38","Karpos","MK"
"MK-39","Kisela Voda","MK"
"MK-40","Kicevo","MK"
"MK-41","Konce","MK"
"MK-42","Kocani","MK"
"MK-43","Kratovo","MK"
"MK-44","Kriva Palanka","MK"
"MK-45","Krivogastani","MK"
"MK-46","Krusevo","MK"
"MK-47","Kumanovo","MK"
"MK-48","Lipkovo","MK"
"MK-49","Lozovo","MK"
"MK-51","Makedonska Kamenica","MK"
"MK-52","Makedonski Brod","MK"
"MK-53","Mogila","MK"
"MK-54","Negotino","MK"
"MK-55","Novaci","MK"
"MK-56","Novo Selo","MK"
"MK-57","Oslomej","MK"
"MK-58","Ohrid","MK"
"MK-59","Petrovec","MK"
"MK-60","Pehcevo","MK"
"MK-61","Plasnica","MK"
"MK-62","Prilep","MK"
"MK-63","Probistip","MK"
"MK-64","Radovis","MK"
"MK-65","Rankovce","MK"
"MK-66","Resen","MK"
"MK-67","Rosoman","MK"
"MK-68","Saraj","MK"
"MK-69","Sveti Nikole","MK"
"MK-70","Sopiste","MK"
"MK-71","Staro Nagoricane","MK"
"MK-72","Struga","MK"
"MK-73","Strumica","MK"
"MK-74","Studenicani","MK"
"MK-75","Tearce","MK"
"MK-76","Tetovo","MK"
"MK-77","Centar","MK"
"MK-78","Centar Zupa","MK"
"MK-80","Caska","MK"
"MK-81","Cesinovo","MK"
"MK-82","Cucer-Sandevo","MK"
"MK-83","Stip","MK"
"MK-84","Suto Orizari","MK"
"ML-1","Kayes","ML"
"ML-2","Koulikoro","ML"
"ML-3","Sikasso","ML"
"ML-4","Segou","ML"
"ML-5","Mopti","ML"
"ML-6","Tombouctou","ML"
"ML-7","Gao","ML"
"ML-8","Kidal","ML"
"ML-BKO","Bamako","ML"
"MM-01","Sagaing","MM"
"MM-02","Pegu","MM"
"MM-03","Magwe","MM"
"MM-04","Mandalay","MM"
"MM-05","Tenasserim","MM"
"MM-06","Yangon","MM"
"MM-07","Irrawaddy","MM"
"MM-11","Kachin State","MM"
"MM-12","Kayah State","MM"
"MM-14","Chin State","MM"
"MM-15","Mon State","MM"
"MM-16","Rakhine State","MM"
"MM-17","Shan State","MM"
"MN","MINNESOTA","US"
"MN-035","Orhon","MN"
"MN-037","Darhan-Uul","MN"
"MN-039","Hentiy","MN"
"MN-041","Hovsgol","MN"
"MN-043","Hovd","MN"
"MN-046","Uvs","MN"
"MN-047","Tov","MN"
"MN-049","Selenge","MN"
"MN-051","Suhbaatar","MN"
"MN-053","Omnogovi","MN"
"MN-055","Ovorhangay","MN"
"MN-057","Dzavhan","MN"
"MN-059","Dundgovi","MN"
"MN-061","Dornod","MN"
"MN-063","Dornogovi","MN"
"MN-064","Govisumber","MN"
"MN-065","Govi-Altay","MN"
"MN-067","Bulgan","MN"
"MN-069","Bayanhongor","MN"
"MN-071","Bayan-Olgiy","MN"
"MN-073","Arhangay","MN"
"MN-1","Ulaanbaatar","MN"
"MO","MISSOURI","US"
"MP","NORTHERN MARIANA ISLANDS","US"
"MR-01","Hodh Ech Chargui","MR"
"MR-02","Hodh El Gharbi","MR"
"MR-03","Assaba","MR"
"MR-04","Gorgol","MR"
"MR-05","Brakna","MR"
"MR-06","Trarza","MR"
"MR-07","Adrar","MR"
"MR-08","Dakhlet Nouadhibou","MR"
"MR-09","Tagant","MR"
"MR-10","Guidimaka","MR"
"MR-11","Tiris Zemmour","MR"
"MR-12","Inchiri","MR"
"MR-NKC","Nouakchott","MR"
"MS","MISSISSIPPI","US"
"MT","MONTANA","US"
"MU-BL","Black River","MU"
"MU-FL","Flacq","MU"
"MU-GP","Grand Port","MU"
"MU-MO","Moka","MU"
"MU-PA","Pamplemousses","MU"
"MU-PL","Port Louis","MU"
"MU-PW","Plaines Wilhems","MU"
"MU-RR","Riviere du Rempart","MU"
"MU-SA","Savanne","MU"
"MV-01","Seenu","MV"
"MV-02","Alifu","MV"
"MV-05","Laamu","MV"
"MV-07","Haa Alifu","MV"
"MV-08","Thaa","MV"
"MV-12","Meemu","MV"
"MV-13","Raa","MV"
"MV-17","Dhaalu","MV"
"MV-20","Baa","MV"
"MV-23","Haa Dhaalu","MV"
"MV-24","Shaviyani","MV"
"MV-25","Noonu","MV"
"MV-26","Kaafu","MV"
"MV-28","Gaafu Dhaalu","MV"
"MV-MLE","Maale","MV"
"MW-BA","Balaka","MW"
"MW-BL","Blantyre","MW"
"MW-CK","Chikwawa","MW"
"MW-CR","Chiradzulu","MW"
"MW-CT","Chitipa","MW"
"MW-DE","Dedza","MW"
"MW-DO","Dowa","MW"
"MW-KR","Karonga","MW"
"MW-KS","Kasungu","MW"
"MW-LI","Lilongwe","MW"
"MW-LK","Likoma","MW"
"MW-MC","Mchinji","MW"
"MW-MG","Mangochi","MW"
"MW-MH","Machinga","MW"
"MW-MU","Mulanje","MW"
"MW-MW","Mwanza","MW"
"MW-MZ","Mzimba","MW"
"MW-NB","Nkhata Bay","MW"
"MW-NE","Neno","MW"
"MW-NI","Ntchisi","MW"
"MW-NK","Nkhotakota","MW"
"MW-NS","Nsanje","MW"
"MW-NU","Ntcheu","MW"
"MW-PH","Phalombe","MW"
"MW-RU","Rumphi","MW"
"MW-SA","Salima","MW"
"MW-TH","Thyolo","MW"
"MW-ZO","Zomba","MW"
"MX-AGU","Aguascalientes","MX"
"MX-BCN","Baja California","MX"
"MX-BCS","Baja California Sur","MX"
"MX-CAM","Campeche","MX"
"MX-CHH","Chihuahua","MX"
"MX-CHP","Chiapas","MX"
"MX-COA","Coahuila de Zaragoza","MX"
"MX-COL","Colima","MX"
"MX-DIF","Distrito Federal","MX"
"MX-DUR","Durango","MX"
"MX-GRO","Guerrero","MX"
"MX-GUA","Guanajuato","MX"
"MX-HID","Hidalgo","MX"
"MX-JAL","Jalisco","MX"
"MX-MEX","Mexico","MX"
"MX-MIC","Michoacan de Ocampo","MX"
"MX-MOR","Morelos","MX"
"MX-NAY","Nayarit","MX"
"MX-NLE","Nuevo Leon","MX"
"MX-OAX","Oaxaca","MX"
"MX-PUE","Puebla","MX"
"MX-QUE","Queretaro de Arteaga","MX"
"MX-ROO","Quintana Roo","MX"
"MX-SIN","Sinaloa","MX"
"MX-SLP","San Luis Potosi","MX"
"MX-SON","Sonora","MX"
"MX-TAB","Tabasco","MX"
"MX-TAM","Tamaulipas","MX"
"MX-TLA","Tlaxcala","MX"
"MX-VER","Veracruz-Llave","MX"
"MX-YUC","Yucatan","MX"
"MX-ZAC","Zacatecas","MX"
"MY-01","Johor","MY"
"MY-02","Kedah","MY"
"MY-03","Kelantan","MY"
"MY-04","Melaka","MY"
"MY-05","Negeri Sembilan","MY"
"MY-06","Pahang","MY"
"MY-07","Pulau Pinang","MY"
"MY-08","Perak","MY"
"MY-09","Perlis","MY"
"MY-10","Selangor","MY"
"MY-11","Terengganu","MY"
"MY-12","Sabah","MY"
"MY-13","Sarawak","MY"
"MY-14","Kuala Lumpur","MY"
"MY-15","Labuan","MY"
"MY-16","Putrajaya","MY"
"MZ-A","Niassa","MZ"
"MZ-B","Manica","MZ"
"MZ-G","Gaza","MZ"
"MZ-I","Inhambane","MZ"
"MZ-L","Maputo","MZ"
"MZ-N","Nampula","MZ"
"MZ-P","Cabo Delgado","MZ"
"MZ-Q","Zambezia","MZ"
"MZ-S","Sofala","MZ"
"MZ-T","Tete","MZ"
"NA-CA","Caprivi","NA"
"NA-ER","Erongo","NA"
"NA-HA","Hardap","NA"
"NA-KA","Karas","NA"
"NA-KU","Kunene","NA"
"NA-OD","Otjozondjupa","NA"
"NA-OH","Omaheke","NA"
"NA-OK","Okavango","NA"
"NA-ON","Oshana","NA"
"NA-OS","Omusati","NA"
"NA-OT","Oshikoto","NA"
"NA-OW","Ohangwena","NA"
"NB","NEW BRUNSWICK","CA"
"NC","NORTH CAROLINA","US"
"ND","NORTH DAKOTA","US"
"NE","NEBRASKA","US"
"NE-1","Agadez","NE"
"NE-2","Diffa","NE"
"NE-3","Dosso","NE"
"NE-4","Maradi","NE"
"NE-5","Tahoua","NE"
"NE-6","Tillaberi","NE"
"NE-7","Zinder","NE"
"NE-8","Niamey","NE"
"NG-AB","Abia","NG"
"NG-AD","Adamawa","NG"
"NG-AK","Akwa Ibom","NG"
"NG-AN","Anambra","NG"
"NG-BA","Bauchi","NG"
"NG-BE","Benue","NG"
"NG-BO","Borno","NG"
"NG-BY","Bayelsa","NG"
"NG-CR","Cross River","NG"
"NG-DE","Delta","NG"
"NG-EB","Ebonyi","NG"
"NG-ED","Edo","NG"
"NG-EK","Ekiti","NG"
"NG-EN","Enugu","NG"
"NG-FC","Federal Capital Territory","NG"
"NG-GO","Gombe","NG"
"NG-IM","Imo","NG"
"NG-JI","Jigawa","NG"
"NG-KD","Kaduna","NG"
"NG-KE","Kebbi","NG"
"NG-KN","Kano","NG"
"NG-KO","Kogi","NG"
"NG-KT","Katsina","NG"
"NG-KW","Kwara","NG"
"NG-LA","Lagos","NG"
"NG-NA","Nassarawa","NG"
"NG-NI","Niger","NG"
"NG-OG","Ogun","NG"
"NG-ON","Ondo","NG"
"NG-OS","Osun","NG"
"NG-OY","Oyo","NG"
"NG-PL","Plateau","NG"
"NG-RI","Rivers","NG"
"NG-SO","Sokoto","NG"
"NG-TA","Taraba","NG"
"NG-YO","Yobe","NG"
"NG-ZA","Zamfara","NG"
"NH","NEW HAMPSHIRE","US"
"NI-AN","Autonoma Atlantico Norte","NI"
"NI-AS","Region Autonoma Atlantico Sur","NI"
"NI-BO","Boaco","NI"
"NI-CA","Carazo","NI"
"NI-CI","Chinandega","NI"
"NI-CO","Chontales","NI"
"NI-ES","Esteli","NI"
"NI-GR","Granada","NI"
"NI-JI","Jinotega","NI"
"NI-LE","Leon","NI"
"NI-MD","Madriz","NI"
"NI-MN","Managua","NI"
"NI-MS","Masaya","NI"
"NI-MT","Matagalpa","NI"
"NI-NS","Nueva Segovia","NI"
"NI-RI","Rivas","NI"
"NI-SJ","Rio San Juan","NI"
"NJ","NEW JERSEY","US"
"NL","NEWFOUNDLAND","CA"
"NL-DR","Drenthe","NL"
"NL-FL","Flevoland","NL"
"NL-FR","Friesland","NL"
"NL-GE","Gelderland","NL"
"NL-GR","Groningen","NL"
"NL-LI","Limburg","NL"
"NL-NB","Noord-Brabant","NL"
"NL-NH","Noord-Holland","NL"
"NL-OV","Overijssel","NL"
"NL-UT","Utrecht","NL"
"NL-ZE","Zeeland","NL"
"NL-ZH","Zuid-Holland","NL"
"NM","NEW MEXICO","US"
"NO-01","Ostfold","NO"
"NO-02","Akershus","NO"
"NO-03","Oslo","NO"
"NO-04","Hedmark","NO"
"NO-05","Oppland","NO"
"NO-06","Buskerud","NO"
"NO-07","Vestfold","NO"
"NO-08","Telemark","NO"
"NO-09","Aust-Agder","NO"
"NO-10","Vest-Agder","NO"
"NO-11","Rogaland","NO"
"NO-12","Hordaland","NO"
"NO-14","Sogn og Fjordane","NO"
"NO-15","More og Romsdal","NO"
"NO-16","Sor-Trondelag","NO"
"NO-17","Nord-Trondelag","NO"
"NO-18","Nordland","NO"
"NO-19","Troms","NO"
"NO-20","Finnmark","NO"
"NP-BA","Bagmati","NP"
"NP-BH","Bheri","NP"
"NP-DH","Dhawalagiri","NP"
"NP-GA","Gandaki","NP"
"NP-JA","Janakpur","NP"
"NP-KA","Karnali","NP"
"NP-KO","Kosi","NP"
"NP-LU","Lumbini","NP"
"NP-MA","Mahakali","NP"
"NP-ME","Mechi","NP"
"NP-NA","Narayani","NP"
"NP-RA","Rapti","NP"
"NP-SA","Sagarmatha","NP"
"NP-SE","Seti","NP"
"NR-14","Yaren","NR"
"NS","NOVA SCOTIA","CA"
"NT","NORTHWEST TERRITORIES","CA"
"NU","NUNAVUT","CA"
"NV","NEVADA","US"
"NY","NEW YORK","US"
"NZ-AUK","Auckland","NZ"
"NZ-BOP","Bay of Plenty","NZ"
"NZ-CAN","Canterbury","NZ"
"NZ-CIT","Chatham Islands","NZ"
"NZ-GIS","Gisborne","NZ"
"NZ-HKB","Hawke's Bay","NZ"
"NZ-MBH","Marlborough","NZ"
"NZ-MWT","Manawatu-Wanganui","NZ"
"NZ-NSN","Nelson","NZ"
"NZ-NTL","Northland","NZ"
"NZ-OTA","Otago","NZ"
"NZ-STL","Southland","NZ"
"NZ-TAS","Tasman","NZ"
"NZ-TKI","Taranaki","NZ"
"NZ-WGN","Wellington","NZ"
"NZ-WKO","Waikato","NZ"
"NZ-WTC","West Coast","NZ"
"OH","OHIO","US"
"OK","OKLAHOMA","US"
"OM-BA","Al Batinah","OM"
"OM-BU","Al Buraymi","OM"
"OM-DA","Ad Dakhiliyah","OM"
"OM-MA","Masqat","OM"
"OM-MU","Musandam","OM"
"OM-SH","Ash Sharqiyah","OM"
"OM-WU","Al Wusta","OM"
"OM-ZA","Az Zahirah","OM"
"OM-ZU","Zufar","OM"
"ON","ONTARIO","CA"
"OR","OREGON","US"
"PA","PENNSYLVANIA","US"
"PA-0","San Blas","PA"
"PA-1","Bocas del Toro","PA"
"PA-2","Cocle","PA"
"PA-3","Colon","PA"
"PA-4","Chiriqui","PA"
"PA-5","Darien","PA"
"PA-6","Herrera","PA"
"PA-7","Los Santos","PA"
"PA-8","Panama","PA"
"PA-9","Veraguas","PA"
"PE","PRINCE EDWARD ISLAND","CA"
"PE-AMA","Amazonas","PE"
"PE-ANC","Ancash","PE"
"PE-APU","Apurimac","PE"
"PE-ARE","Arequipa","PE"
"PE-AYA","Ayacucho","PE"
"PE-CAJ","Cajamarca","PE"
"PE-CAL","Callao","PE"
"PE-CUS","Cusco","PE"
"PE-HUC","Huanuco","PE"
"PE-HUV","Huancavelica","PE"
"PE-ICA","Ica","PE"
"PE-JUN","Junin","PE"
"PE-LAL","La Libertad","PE"
"PE-LAM","Lambayeque","PE"
"PE-LIM","Lima","PE"
"PE-LOR","Loreto","PE"
"PE-MDD","Madre de Dios","PE"
"PE-MOQ","Moquegua","PE"
"PE-PAS","Pasco","PE"
"PE-PIU","Piura","PE"
"PE-PUN","Puno","PE"
"PE-SAM","San Martin","PE"
"PE-TAC","Tacna","PE"
"PE-TUM","Tumbes","PE"
"PE-UCA","Ucayali","PE"
"PG-CPK","Chimbu","PG"
"PG-EBR","East New Britain","PG"
"PG-EHG","Eastern Highlands","PG"
"PG-EPW","Enga","PG"
"PG-ESW","East Sepik","PG"
"PG-GPK","Gulf","PG"
"PG-MBA","Milne Bay","PG"
"PG-MPL","Morobe","PG"
"PG-MPM","Madang","PG"
"PG-MRL","Manus","PG"
"PG-NCD","National Capital","PG"
"PG-NIK","New Ireland","PG"
"PG-NPP","Northern","PG"
"PG-NSA","North Solomons","PG"
"PG-SAN","Sandaun","PG"
"PG-SHM","Southern Highlands","PG"
"PG-WBK","West New Britain","PG"
"PG-WHM","Western Highlands","PG"
"PG-WPD","Western","PG"
"PH-11","Davao","PH"
"PH-ABR","Abra","PH"
"PH-AGN","Agusan del Norte","PH"
"PH-AGS","Agusan del Sur","PH"
"PH-AKL","Aklan","PH"
"PH-ALB","Albay","PH"
"PH-ANT","Antique","PH"
"PH-AUR","Aurora","PH"
"PH-BAN","Bataan","PH"
"PH-BAS","Basilan","PH"
"PH-BEN","Benguet","PH"
"PH-BOH","Bohol","PH"
"PH-BTG","Batangas","PH"
"PH-BTN","Batanes","PH"
"PH-BUK","Bukidnon","PH"
"PH-BUL","Bulacan","PH"
"PH-CAG","Cagayan","PH"
"PH-CAM","Camiguin","PH"
"PH-CAN","Camarines Norte","PH"
"PH-CAP","Capiz","PH"
"PH-CAS","Camarines Sur","PH"
"PH-CAT","Catanduanes","PH"
"PH-CAV","Cavite","PH"
"PH-CEB","Cebu","PH"
"PH-DAO","Davao Oriental","PH"
"PH-DAS","Davao del Sur","PH"
"PH-EAS","Eastern Samar","PH"
"PH-IFU","Ifugao","PH"
"PH-ILI","Iloilo","PH"
"PH-ILN","Ilocos Norte","PH"
"PH-ILS","Ilocos Sur","PH"
"PH-ISA","Isabela","PH"
"PH-KAL","Kalinga-Apayao","PH"
"PH-LAG","Laguna","PH"
"PH-LAN","Lanao del Norte","PH"
"PH-LAS","Lanao del Sur","PH"
"PH-LEY","Leyte","PH"
"PH-LUN","La Union","PH"
"PH-MAD","Marinduque","PH"
"PH-MAG","Maguindanao","PH"
"PH-MAS","Masbate","PH"
"PH-MDC","Mindoro Occidental","PH"
"PH-MDR","Mindoro Oriental","PH"
"PH-MOU","Mountain","PH"
"PH-MSC","Misamis Occidental","PH"
"PH-MSR","Misamis Oriental","PH"
"PH-NCO","Cotabato","PH"
"PH-NEC","Negros Occidental","PH"
"PH-NER","Negros Oriental","PH"
"PH-NSA","Northern Samar","PH"
"PH-NUE","Nueva Ecija","PH"
"PH-NUV","Nueva Vizcaya","PH"
"PH-PAM","Pampanga","PH"
"PH-PAN","Pangasinan","PH"
"PH-PLW","Palawan","PH"
"PH-QUE","Quezon","PH"
"PH-QUI","Quirino","PH"
"PH-RIZ","Rizal","PH"
"PH-ROM","Romblon","PH"
"PH-SCO","South Cotabato","PH"
"PH-SIG","Siquijor","PH"
"PH-SLE","Southern Leyte","PH"
"PH-SLU","Sulu","PH"
"PH-SOR","Sorsogon","PH"
"PH-SUK","Sultan Kudarat","PH"
"PH-SUN","Surigao del Norte","PH"
"PH-SUR","Surigao del Sur","PH"
"PH-TAR","Tarlac","PH"
"PH-TAW","Tawitawi","PH"
"PH-WSA","Samar","PH"
"PH-ZAN","Zamboanga del Norte","PH"
"PH-ZAS","Zamboanga del Sur","PH"
"PH-ZMB","Zambales","PH"
"PK-BA","Balochistan","PK"
"PK-IS","Islamabad","PK"
"PK-JK","Azad Kashmir","PK"
"PK-NA","Northern Areas","PK"
"PK-NW","North-West Frontier","PK"
"PK-PB","Punjab","PK"
"PK-SD","Sindh","PK"
"PK-TA","Federally Administered Tribal Areas","PK"
"PL-DS","Dolnoslaskie","PL"
"PL-KP","Kujawsko-Pomorskie","PL"
"PL-LB","Lubuskie","PL"
"PL-LD","Lodzkie","PL"
"PL-LU","Lubelskie","PL"
"PL-MA","Malopolskie","PL"
"PL-MZ","Mazowieckie","PL"
"PL-OP","Opolskie","PL"
"PL-PD","Podlaskie","PL"
"PL-PK","Podkarpackie","PL"
"PL-PM","Pomorskie","PL"
"PL-SK","Swietokrzyskie","PL"
"PL-SL","Slaskie","PL"
"PL-WN","Warminsko-Mazurskie","PL"
"PL-WP","Wielkopolskie","PL"
"PL-ZP","Zachodniopomorskie","PL"
"PR","PUERTO RICO","US"
"PT-01","Aveiro","PT"
"PT-02","Beja","PT"
"PT-03","Braga","PT"
"PT-04","Braganca","PT"
"PT-05","Castelo Branco","PT"
"PT-06","Coimbra","PT"
"PT-07","Evora","PT"
"PT-08","Faro","PT"
"PT-09","Guarda","PT"
"PT-10","Leiria","PT"
"PT-11","Lisboa","PT"
"PT-12","Portalegre","PT"
"PT-13","Porto","PT"
"PT-14","Santarem","PT"
"PT-15","Setubal","PT"
"PT-16","Viana do Castelo","PT"
"PT-17","Vila Real","PT"
"PT-18","Viseu","PT"
"PT-20","Azores","PT"
"PT-30","Madeira","PT"
"PW","PALAU","US"
"PW-002","Aimeliik","PW"
"PW-004","Airai","PW"
"PW-010","Angaur","PW"
"PW-100","Kayangel","PW"
"PW-150","Koror","PW"
"PW-212","Melekeok","PW"
"PW-214","Ngaraard","PW"
"PW-218","Ngarchelong","PW"
"PW-222","Ngardmau","PW"
"PW-224","Ngatpang","PW"
"PW-228","Ngiwal","PW"
"PW-350","Peleliu","PW"
"PY-1","Concepcion","PY"
"PY-10","Alto Parana","PY"
"PY-11","Central","PY"
"PY-12","Neembucu","PY"
"PY-13","Amambay","PY"
"PY-14","Canindeyu","PY"
"PY-15","Presidente Hayes","PY"
"PY-16","Alto Paraguay","PY"
"PY-19","Boqueron","PY"
"PY-2","San Pedro","PY"
"PY-3","Cordillera","PY"
"PY-4","Guaira","PY"
"PY-5","Caaguazu","PY"
"PY-6","Caazapa","PY"
"PY-7","Itapua","PY"
"PY-8","Misiones","PY"
"PY-9","Paraguari","PY"
"PY-ASU","Asuncion","PY"
"QA-DA","Ad Dawhah","QA"
"QA-KH","Al Khawr","QA"
"QA-MS","Madinat ach Shamal","QA"
"QA-RA","Ar Rayyan","QA"
"QA-US","Umm Salal","QA"
"QA-WA","Al Wakrah","QA"
"QA-ZA","Az Za'ayin","QA"
"QC","QUEBEC","CA"
"RI","RHODE ISLAND","US"
"RO-AB","Alba","RO"
"RO-AG","Arges","RO"
"RO-AR","Arad","RO"
"RO-B","Bucuresti","RO"
"RO-BC","Bacau","RO"
"RO-BH","Bihor","RO"
"RO-BN","Bistrita-Nasaud","RO"
"RO-BR","Braila","RO"
"RO-BT","Botosani","RO"
"RO-BV","Brasov","RO"
"RO-BZ","Buzau","RO"
"RO-CJ","Cluj","RO"
"RO-CL","Calarasi","RO"
"RO-CS","Caras-Severin","RO"
"RO-CT","Constanta","RO"
"RO-CV","Covasna","RO"
"RO-DB","Dambovita","RO"
"RO-DJ","Dolj","RO"
"RO-GJ","Gorj","RO"
"RO-GL","Galati","RO"
"RO-GR","Giurgiu","RO"
"RO-HD","Hunedoara","RO"
"RO-HR","Harghita","RO"
"RO-IF","Ilfov","RO"
"RO-IL","Ialomita","RO"
"RO-IS","Iasi","RO"
"RO-MH","Mehedinti","RO"
"RO-MM","Maramures","RO"
"RO-MS","Mures","RO"
"RO-NT","Neamt","RO"
"RO-OT","Olt","RO"
"RO-PH","Prahova","RO"
"RO-SB","Sibiu","RO"
"RO-SJ","Salaj","RO"
"RO-SM","Satu Mare","RO"
"RO-SV","Suceava","RO"
"RO-TL","Tulcea","RO"
"RO-TM","Timis","RO"
"RO-TR","Teleorman","RO"
"RO-VL","Valcea","RO"
"RO-VN","Vrancea","RO"
"RO-VS","Vaslui","RO"
"RS-KM","Kosovo","RS"
"RS-VO","Vojvodina","RS"
"RU-AD","Adygeya","RU"
"RU-AL","Gorno-Altay","RU"
"RU-ALT","Altaisky krai","RU"
"RU-AMU","Amur","RU"
"RU-ARK","Arkhangelsk","RU"
"RU-AST","Astrakhan'","RU"
"RU-BA","Bashkortostan","RU"
"RU-BEL","Belgorod","RU"
"RU-BRY","Bryansk","RU"
"RU-BU","Buryat","RU"
"RU-CHU","Chukot","RU"
"RU-CU","Chuvashia","RU"
"RU-DA","Dagestan","RU"
"RU-DVD","Kamchatka","RU"
"RU-IN","Ingush","RU"
"RU-IRK","Irkutsk","RU"
"RU-IVA","Ivanovo","RU"
"RU-KB","Kabardin-Balkar","RU"
"RU-KC","Karachay-Cherkess","RU"
"RU-KDA","Krasnoyarskiy Kray","RU"
"RU-KEM","Kemerovo","RU"
"RU-KGD","Kaliningrad","RU"
"RU-KGN","Kurgan","RU"
"RU-KHA","Khabarovsk","RU"
"RU-KHM","Khanty-Mansiy","RU"
"RU-KIR","Kirov","RU"
"RU-KK","Khakass","RU"
"RU-KL","Kalmyk","RU"
"RU-KLU","Kaluga","RU"
"RU-KO","Komi","RU"
"RU-KOS","Kostroma","RU"
"RU-KR","Karelia","RU"
"RU-KRS","Kursk","RU"
"RU-LEN","Leningrad","RU"
"RU-LIP","Lipetsk","RU"
"RU-MAG","Magadan","RU"
"RU-ME","Mariy-El","RU"
"RU-MO","Mordovia","RU"
"RU-MOW","Moskva","RU"
"RU-MUR","Murmansk","RU"
"RU-NEN","Nenets","RU"
"RU-NGR","Novgorod","RU"
"RU-NIZ","Nizhegorod","RU"
"RU-NVS","Novosibirsk","RU"
"RU-OMS","Omsk","RU"
"RU-ORE","Orenburg","RU"
"RU-ORL","Orel","RU"
"RU-PER","Permskiy Kray","RU"
"RU-PNZ","Penza","RU"
"RU-PRI","Primor'ye","RU"
"RU-PSK","Pskov","RU"
"RU-ROS","Rostov","RU"
"RU-RYA","Ryazan'","RU"
"RU-SA","Sakha","RU"
"RU-SAK","Sakhalin","RU"
"RU-SAM","Samara","RU"
"RU-SAR","Saratov","RU"
"RU-SMO","Smolensk","RU"
"RU-SPE","Saint Petersburg City","RU"
"RU-STA","Stavropol'","RU"
"RU-SVE","Sverdlovsk","RU"
"RU-TA","Tatarstan","RU"
"RU-TAM","Tambovskaya oblast","RU"
"RU-TOM","Tomsk","RU"
"RU-TUL","Tula","RU"
"RU-TVE","Tver'","RU"
"RU-TY","Tuva","RU"
"RU-TYU","Tyumen'","RU"
"RU-UD","Udmurt","RU"
"RU-ULY","Ul'yanovsk","RU"
"RU-VGG","Volgograd","RU"
"RU-VLA","Vladimir","RU"
"RU-VLG","Vologda","RU"
"RU-VOR","Voronezh","RU"
"RU-YAN","Yamal-Nenets","RU"
"RU-YAR","Yaroslavl'","RU"
"RU-YEV","Yevrey","RU"
"RU-ZAB","Zabaykalsky","RU"
"RW-01","Kigali","RW"
"RW-02","Est","RW"
"RW-03","Nord","RW"
"RW-04","Ouest","RW"
"RW-05","Sud","RW"
"SA-01","Ar Riyad","SA"
"SA-02","Makkah","SA"
"SA-03","Al Madinah","SA"
"SA-04","Ash Sharqiyah","SA"
"SA-05","Al Qasim","SA"
"SA-06","Ha'il","SA"
"SA-07","Tabuk","SA"
"SA-08","Al Hudud ash Shamaliyah","SA"
"SA-09","Jizan","SA"
"SA-10","Najran","SA"
"SA-11","Al Bahah","SA"
"SA-12","Al Jawf","SA"
"SA-14","Asir","SA"
"SB-CE","Central","SB"
"SB-GU","Guadalcanal","SB"
"SB-IS","Isabel","SB"
"SB-MK","Makira","SB"
"SB-ML","Malaita","SB"
"SB-WE","Western","SB"
"SC","SOUTH CAROLINA","US"
"SC-16","English River","SC"
"SD","SOUTH DAKOTA","US"
"SD-DN","North Darfur","SD"
"SD-DS","South Darfur","SD"
"SD-DW","West Darfur","SD"
"SD-GD","Gedarif","SD"
"SD-GZ","Gezira","SD"
"SD-KA","Kassala","SD"
"SD-KH","Khartoum","SD"
"SD-KN","North Kordufan","SD"
"SD-KS","South Kordufan","SD"
"SD-NB","Blue Nile","SD"
"SD-NO","Northern","SD"
"SD-NR","River Nile","SD"
"SD-NW","White Nile","SD"
"SD-RS","Red Sea","SD"
"SD-SI","Sennar","SD"
"SE-AB","Stockholms Lan","SE"
"SE-AC","Vasterbottens Lan","SE"
"SE-BD","Norrbottens Lan","SE"
"SE-C","Uppsala Lan","SE"
"SE-D","Sodermanlands Lan","SE"
"SE-E","Ostergotlands Lan","SE"
"SE-F","Jonkopings Lan","SE"
"SE-G","Kronobergs Lan","SE"
"SE-H","Kalmar Lan","SE"
"SE-I","Gotlands Lan","SE"
"SE-K","Blekinge Lan","SE"
"SE-M","Skane Lan","SE"
"SE-N","Hallands Lan","SE"
"SE-O","Vastra Gotaland","SE"
"SE-S","Varmlands Lan","SE"
"SE-T","Orebro Lan","SE"
"SE-U","Vastmanlands Lan","SE"
"SE-W","Dalarnas Lan","SE"
"SE-X","Gavleborgs Lan","SE"
"SE-Y","Vasternorrlands Lan","SE"
"SE-Z","Jamtlands Lan","SE"
"SG-01","Singapore","SG"
"SI-001","Ajdovscina","SI"
"SI-003","Bled","SI"
"SI-004","Bohinj","SI"
"SI-005","Borovnica","SI"
"SI-006","Bovec","SI"
"SI-008","Brezovica","SI"
"SI-009","Brezice","SI"
"SI-011","Celje","SI"
"SI-013","Cerknica","SI"
"SI-014","Cerkno","SI"
"SI-015","Crensovci","SI"
"SI-017","Crnomelj","SI"
"SI-018","Destrnik","SI"
"SI-019","Divaca","SI"
"SI-023","Domzale","SI"
"SI-025","Dravograd","SI"
"SI-029","Gornja Radgona","SI"
"SI-032","Grosuplje","SI"
"SI-034","Hrastnik","SI"
"SI-036","Idrija","SI"
"SI-037","Ig","SI"
"SI-038","Ilirska Bistrica","SI"
"SI-039","Ivancna Gorica","SI"
"SI-040","Izola-Isola","SI"
"SI-041","Jesenice","SI"
"SI-043","Kamnik","SI"
"SI-044","Kanal","SI"
"SI-045","Kidricevo","SI"
"SI-046","Kobarid","SI"
"SI-048","Kocevje","SI"
"SI-050","Koper-Capodistria","SI"
"SI-052","Kranj","SI"
"SI-053","Kranjska Gora","SI"
"SI-054","Krsko","SI"
"SI-057","Lasko","SI"
"SI-058","Lenart","SI"
"SI-059","Lendava","SI"
"SI-060","Litija","SI"
"SI-061","Ljubljana","SI"
"SI-063","Ljutomer","SI"
"SI-064","Logatec","SI"
"SI-070","Maribor","SI"
"SI-071","Medvode","SI"
"SI-072","Menges","SI"
"SI-073","Metlika","SI"
"SI-074","Mezica","SI"
"SI-075","Miren-Kostanjevica","SI"
"SI-076","Mislinja","SI"
"SI-079","Mozirje","SI"
"SI-080","Murska Sobota","SI"
"SI-081","Muta","SI"
"SI-084","Nova Gorica","SI"
"SI-085","Novo Mesto","SI"
"SI-086","Odranci","SI"
"SI-087","Ormoz","SI"
"SI-090","Piran","SI"
"SI-091","Pivka","SI"
"SI-094","Postojna","SI"
"SI-096","Ptuj","SI"
"SI-098","Racam","SI"
"SI-099","Radece","SI"
"SI-100","Radenci","SI"
"SI-101","Radlje ob Dravi","SI"
"SI-102","Radovljica","SI"
"SI-103","Ravne na Koroskem","SI"
"SI-104","Ribnica","SI"
"SI-106","Rogaska Slatina","SI"
"SI-108","Ruse","SI"
"SI-110","Sevnica","SI"
"SI-111","Sezana","SI"
"SI-112","Slovenj Gradec","SI"
"SI-113","Slovenska Bistrica","SI"
"SI-114","Slovenske Konjice","SI"
"SI-117","Sencur","SI"
"SI-118","Sentilj","SI"
"SI-120","Sentjur pri Celju","SI"
"SI-122","Skofja Loka","SI"
"SI-123","Skofljica","SI"
"SI-126","Sostanj","SI"
"SI-127","Store","SI"
"SI-128","Tolmin","SI"
"SI-129","Trbovlje","SI"
"SI-130","Trebnje","SI"
"SI-131","Trzic","SI"
"SI-132","Turnisce","SI"
"SI-133","Velenje","SI"
"SI-136","Vipava","SI"
"SI-138","Vodice","SI"
"SI-139","Vojnik","SI"
"SI-140","Vrhnika","SI"
"SI-141","Vuzenica","SI"
"SI-142","Zagorje ob Savi","SI"
"SI-144","Zrece","SI"
"SI-146","Zelezniki","SI"
"SI-147","Ziri","SI"
"SI-160","Hoce-Slivnica","SI"
"SI-162","Horjul","SI"
"SI-167","Lovrenc na Pohorju","SI"
"SI-169","Miklavz na Dravskem Polju","SI"
"SI-171","Oplotnica","SI"
"SI-173","Polzela","SI"
"SI-174","Prebold","SI"
"SI-175","Prevalje","SI"
"SI-183","Sempeter-Vrtojba","SI"
"SI-186","Trzin","SI"
"SI-190","Zalec","SI"
"SI-193","Zuzemberk","SI"
"SI-200","Poljcane","SI"
"SI-203","Straza","SI"
"SI-208","Log-Dragomer","SI"
"SK","SASKATCHEWAN","CA"
"SK-BC","Banska Bystrica","SK"
"SK-BL","Bratislava","SK"
"SK-KI","Kosice","SK"
"SK-NI","Nitra","SK"
"SK-PV","Presov","SK"
"SK-TA","Trnava","SK"
"SK-TC","Trencin","SK"
"SK-ZI","Zilina","SK"
"SL-E","Eastern","SL"
"SL-N","Northern","SL"
"SL-S","Southern","SL"
"SL-W","Western Area","SL"
"SM-01","Acquaviva","SM"
"SM-02","Chiesanuova","SM"
"SM-07","San Marino","SM"
"SM-09","Serravalle","SM"
"SN-DB","Diourbel","SN"
"SN-DK","Dakar","SN"
"SN-FK","Fatick","SN"
"SN-KA","Kaffrine","SN"
"SN-KD","Kolda","SN"
"SN-KE","Kedougou","SN"
"SN-KL","Kaolack","SN"
"SN-LG","Louga","SN"
"SN-MT","Matam","SN"
"SN-SE","Sedhiou","SN"
"SN-SL","Saint-Louis","SN"
"SN-TC","Tambacounda","SN"
"SN-TH","Thies","SN"
"SN-ZG","Ziguinchor","SN"
"SO-AW","Awdal","SO"
"SO-BK","Bakool","SO"
"SO-BN","Banaadir","SO"
"SO-BR","Bari","SO"
"SO-BY","Bay","SO"
"SO-GA","Galguduud","SO"
"SO-GE","Gedo","SO"
"SO-HI","Hiiraan","SO"
"SO-JD","Jubbada Dhexe","SO"
"SO-JH","Jubbada Hoose","SO"
"SO-MU","Mudug","SO"
"SO-NU","Nugaal","SO"
"SO-SA","Sanaag","SO"
"SO-SD","Shabeellaha Dhexe","SO"
"SO-SH","Shabeellaha Hoose","SO"
"SO-SO","Sool","SO"
"SO-TO","Togdheer","SO"
"SO-WO","Woqooyi Galbeed","SO"
"SR-BR","Brokopondo","SR"
"SR-CM","Commewijne","SR"
"SR-CR","Coronie","SR"
"SR-MA","Marowijne","SR"
"SR-NI","Nickerie","SR"
"SR-PM","Paramaribo","SR"
"SR-PR","Para","SR"
"SR-SA","Saramacca","SR"
"SR-WA","Wanica","SR"
"SS-BN","Northern Bahr el Ghazal","SS"
"SS-BW","Western Bahr el Ghazal","SS"
"SS-EC","Central Equatoria","SS"
"SS-EE","Eastern Equatoria","SS"
"SS-EW","Western Equatoria","SS"
"SS-JG","Jonglei","SS"
"SS-LK","Lakes","SS"
"SS-NU","Upper Nile","SS"
"SS-UY","Unity","SS"
"SS-WR","Warrap","SS"
"ST-P","Principe","ST"
"ST-S","Sao Tome","ST"
"SV-AH","Ahuachapan","SV"
"SV-CA","Cabanas","SV"
"SV-CH","Chalatenango","SV"
"SV-CU","Cuscatlan","SV"
"SV-LI","La Libertad","SV"
"SV-MO","Morazan","SV"
"SV-PA","La Paz","SV"
"SV-SA","Santa Ana","SV"
"SV-SM","San Miguel","SV"
"SV-SO","Sonsonate","SV"
"SV-SS","San Salvador","SV"
"SV-SV","San Vicente","SV"
"SV-UN","La Union","SV"
"SV-US","Usulutan","SV"
"SY-DI","Dimashq","SY"
"SY-DR","Dar","SY"
"SY-DY","Dayr az Zawr","SY"
"SY-HA","Al Hasakah","SY"
"SY-HI","Hims","SY"
"SY-HL","Halab","SY"
"SY-HM","Hamah","SY"
"SY-ID","Idlib","SY"
"SY-LA","Al Ladhiqiyah","SY"
"SY-QU","Al Qunaytirah","SY"
"SY-RA","Ar Raqqah","SY"
"SY-RD","Rif Dimashq","SY"
"SY-SU","As Suwayda'","SY"
"SY-TA","Tartus","SY"
"SZ-HH","Hhohho","SZ"
"SZ-LU","Lubombo","SZ"
"SZ-MA","Manzini","SZ"
"SZ-SH","Shiselweni","SZ"
"TD-BA","Batha","TD"
"TD-BG","Barh el Ghazel","TD"
"TD-BO","Borkou","TD"
"TD-CB","Chari-Baguirmi","TD"
"TD-GR","Guera","TD"
"TD-HL","Hadjer-Lamis","TD"
"TD-KA","Kanem","TD"
"TD-LC","Lac","TD"
"TD-LO","Logone Occidental","TD"
"TD-LR","Logone Oriental","TD"
"TD-MA","Mandoul","TD"
"TD-MC","Moyen-Chari","TD"
"TD-ME","Mayo-Kebbi Est","TD"
"TD-MO","Mayo-Kebbi Ouest","TD"
"TD-OD","Ouaddai","TD"
"TD-SA","Salamat","TD"
"TD-TA","Tandjile","TD"
"TD-TI","Tibesti","TD"
"TD-WF","Wadi Fira","TD"
"TG-C","Centrale","TG"
"TG-K","Kara","TG"
"TG-M","Maritime","TG"
"TG-P","Plateaux","TG"
"TG-S","Savanes","TG"
"TH-10","Krung Thep","TH"
"TH-11","Samut Prakan","TH"
"TH-12","Nonthaburi","TH"
"TH-13","Pathum Thani","TH"
"TH-14","Phra Nakhon Si Ayutthaya","TH"
"TH-15","Ang Thong","TH"
"TH-16","Lop Buri","TH"
"TH-17","Sing Buri","TH"
"TH-18","Chai Nat","TH"
"TH-19","Saraburi","TH"
"TH-20","Chon Buri","TH"
"TH-21","Rayong","TH"
"TH-22","Chanthaburi","TH"
"TH-23","Trat","TH"
"TH-24","Chachoengsao","TH"
"TH-25","Prachin Buri","TH"
"TH-26","Nakhon Nayok","TH"
"TH-27","Sa Kaeo","TH"
"TH-30","Nakhon Ratchasima","TH"
"TH-31","Buriram","TH"
"TH-32","Surin","TH"
"TH-33","Sisaket","TH"
"TH-34","Ubon Ratchathani","TH"
"TH-35","Yasothon","TH"
"TH-36","Chaiyaphum","TH"
"TH-37","Amnat Charoen","TH"
"TH-39","Nong Bua Lamphu","TH"
"TH-40","Khon Kaen","TH"
"TH-41","Udon Thani","TH"
"TH-42","Loei","TH"
"TH-43","Nong Khai","TH"
"TH-44","Maha Sarakham","TH"
"TH-45","Roi Et","TH"
"TH-46","Kalasin","TH"
"TH-47","Sakon Nakhon","TH"
"TH-48","Nakhon Phanom","TH"
"TH-49","Mukdahan","TH"
"TH-50","Chiang Mai","TH"
"TH-51","Lamphun","TH"
"TH-52","Lampang","TH"
"TH-53","Uttaradit","TH"
"TH-54","Phrae","TH"
"TH-55","Nan","TH"
"TH-56","Phayao","TH"
"TH-57","Chiang Rai","TH"
"TH-58","Mae Hong Son","TH"
"TH-60","Nakhon Sawan","TH"
"TH-61","Uthai Thani","TH"
"TH-62","Kamphaeng Phet","TH"
"TH-63","Tak","TH"
"TH-64","Sukhothai","TH"
"TH-65","Phitsanulok","TH"
"TH-66","Phichit","TH"
"TH-67","Phetchabun","TH"
"TH-70","Ratchaburi","TH"
"TH-71","Kanchanaburi","TH"
"TH-72","Suphan Buri","TH"
"TH-73","Nakhon Pathom","TH"
"TH-74","Samut Sakhon","TH"
"TH-75","Samut Songkhram","TH"
"TH-76","Phetchaburi","TH"
"TH-77","Prachuap Khiri Khan","TH"
"TH-80","Nakhon Si Thammarat","TH"
"TH-81","Krabi","TH"
"TH-82","Phangnga","TH"
"TH-83","Phuket","TH"
"TH-84","Surat Thani","TH"
"TH-85","Ranong","TH"
"TH-86","Chumphon","TH"
"TH-90","Songkhla","TH"
"TH-91","Satun","TH"
"TH-92","Trang","TH"
"TH-93","Phatthalung","TH"
"TH-94","Pattani","TH"
"TH-95","Yala","TH"
"TH-96","Narathiwat","TH"
"TJ-GB","Kuhistoni Badakhshon","TJ"
"TJ-KT","Khatlon","TJ"
"TJ-SU","Sughd","TJ"
"TM-A","Ahal","TM"
"TM-B","Balkan","TM"
"TM-D","Dashoguz","TM"
"TM-L","Lebap","TM"
"TM-M","Mary","TM"
"TN","TENNESSEE","US"
"TN-11","Tunis","TN"
"TN-12","Aiana","TN"
"TN-13","Ben Arous","TN"
"TN-14","Manouba","TN"
"TN-21","Nabeul","TN"
"TN-22","Zaghouan","TN"
"TN-23","Bizerte","TN"
"TN-31","Bajah","TN"
"TN-32","Jendouba","TN"
"TN-33","El Kef","TN"
"TN-34","Siliana","TN"
"TN-41","Kairouan","TN"
"TN-42","Kasserine","TN"
"TN-43","Sidi Bou Zid","TN"
"TN-51","Sousse","TN"
"TN-52","Al Munastir","TN"
"TN-53","Al Mahdia","TN"
"TN-61","Sfax","TN"
"TN-71","Gafsa","TN"
"TN-72","Tozeur","TN"
"TN-73","Kebili","TN"
"TN-81","Gabes","TN"
"TN-82","Madanin","TN"
"TN-83","Tataouine","TN"
"TO-02","Ha","TO"
"TO-04","Tongatapu","TO"
"TO-05","Vava","TO"
"TR-01","Adana","TR"
"TR-02","Adiyaman","TR"
"TR-03","Afyonkarahisar","TR"
"TR-04","Agri","TR"
"TR-05","Amasya","TR"
"TR-06","Ankara","TR"
"TR-07","Antalya","TR"
"TR-08","Artvin","TR"
"TR-09","Aydin","TR"
"TR-10","Balikesir","TR"
"TR-11","Bilecik","TR"
"TR-12","Bingol","TR"
"TR-13","Bitlis","TR"
"TR-14","Bolu","TR"
"TR-15","Burdur","TR"
"TR-16","Bursa","TR"
"TR-17","Canakkale","TR"
"TR-18","Cankiri","TR"
"TR-19","Corum","TR"
"TR-20","Denizli","TR"
"TR-21","Diyarbakir","TR"
"TR-22","Edirne","TR"
"TR-23","Elazig","TR"
"TR-24","Erzincan","TR"
"TR-25","Erzurum","TR"
"TR-26","Eskisehir","TR"
"TR-27","Gaziantep","TR"
"TR-28","Giresun","TR"
"TR-29","Gumushane","TR"
"TR-30","Hakkari","TR"
"TR-31","Hatay","TR"
"TR-32","Isparta","TR"
"TR-33","Mersin","TR"
"TR-34","Istanbul","TR"
"TR-35","Izmir","TR"
"TR-36","Kars","TR"
"TR-37","Kastamonu","TR"
"TR-38","Kayseri","TR"
"TR-39","Kirklareli","TR"
"TR-40","Kirsehir","TR"
"TR-41","Kocaeli","TR"
"TR-42","Konya","TR"
"TR-43","Kutahya","TR"
"TR-44","Malatya","TR"
"TR-45","Manisa","TR"
"TR-46","Kahramanmaras","TR"
"TR-47","Mardin","TR"
"TR-48","Mugla","TR"
"TR-49","Mus","TR"
"TR-50","Nevsehir","TR"
"TR-51","Nigde","TR"
"TR-52","Ordu","TR"
"TR-53","Rize","TR"
"TR-54","Sakarya","TR"
"TR-55","Samsun","TR"
"TR-56","Siirt","TR"
"TR-57","Sinop","TR"
"TR-58","Sivas","TR"
"TR-59","Tekirdag","TR"
"TR-60","Tokat","TR"
"TR-61","Trabzon","TR"
"TR-62","Tunceli","TR"
"TR-63","Sanliurfa","TR"
"TR-64","Usak","TR"
"TR-65","Van","TR"
"TR-66","Yozgat","TR"
"TR-67","Zonguldak","TR"
"TR-68","Aksaray","TR"
"TR-69","Bayburt","TR"
"TR-70","Karaman","TR"
"TR-71","Kirikkale","TR"
"TR-72","Batman","TR"
"TR-73","Sirnak","TR"
"TR-74","Bartin","TR"
"TR-75","Ardahan","TR"
"TR-76","Igdir","TR"
"TR-77","Yalova","TR"
"TR-78","Karabuk","TR"
"TR-79","Kilis","TR"
"TR-80","Osmaniye","TR"
"TR-81","Duzce","TR"
"TT-ARI","Arima","TT"
"TT-POS","Port-of-Spain","TT"
"TT-RCM","Mayaro","TT"
"TT-SFO","San Fernando","TT"
"TT-WTO","Tobago","TT"
"TW-KHH","Kao-hsiung","TW"
"TW-TPE","T'ai-pei","TW"
"TX","TEXAS","US"
"TZ-01","Arusha","TZ"
"TZ-02","Dar es Salaam","TZ"
"TZ-03","Dodoma","TZ"
"TZ-04","Iringa","TZ"
"TZ-05","Kagera","TZ"
"TZ-06","Pemba North","TZ"
"TZ-07","Zanzibar North","TZ"
"TZ-08","Kigoma","TZ"
"TZ-09","Kilimanjaro","TZ"
"TZ-10","Pemba South","TZ"
"TZ-12","Lindi","TZ"
"TZ-13","Mara","TZ"
"TZ-14","Mbeya","TZ"
"TZ-16","Morogoro","TZ"
"TZ-17","Mtwara","TZ"
"TZ-18","Mwanza","TZ"
"TZ-19","Pwani","TZ"
"TZ-20","Rukwa","TZ"
"TZ-21","Ruvuma","TZ"
"TZ-22","Shinyanga","TZ"
"TZ-23","Singida","TZ"
"TZ-24","Tabora","TZ"
"TZ-25","Tanga","TZ"
"TZ-26","Manyara","TZ"
"UA-05","Vinnyts'ka Oblast'","UA"
"UA-07","Volyns'ka Oblast'","UA"
"UA-09","Luhans'ka Oblast'","UA"
"UA-12","Dnipropetrovs'ka Oblast'","UA"
"UA-14","Donets'ka Oblast'","UA"
"UA-18","Zhytomyrs'ka Oblast'","UA"
"UA-21","Zakarpats'ka Oblast'","UA"
"UA-23","Zaporiz'ka Oblast'","UA"
"UA-26","Ivano-Frankivs'ka Oblast'","UA"
"UA-30","Kyyiv","UA"
"UA-32","Kyyivs'ka Oblast'","UA"
"UA-35","Kirovohrads'ka Oblast'","UA"
"UA-40","Sevastopol'","UA"
"UA-43","Krym","UA"
"UA-46","L'vivs'ka Oblast'","UA"
"UA-48","Mykolayivs'ka Oblast'","UA"
"UA-51","Odes'ka Oblast'","UA"
"UA-53","Poltavs'ka Oblast'","UA"
"UA-56","Rivnens'ka Oblast'","UA"
"UA-59","Sums'ka Oblast'","UA"
"UA-61","Ternopil's'ka Oblast'","UA"
"UA-63","Kharkivs'ka Oblast'","UA"
"UA-65","Khersons'ka Oblast'","UA"
"UA-68","Khmel'nyts'ka Oblast'","UA"
"UA-71","Cherkas'ka Oblast'","UA"
"UA-74","Chernihivs'ka Oblast'","UA"
"UA-77","Chernivets'ka Oblast'","UA"
"UG-101","Kalangala","UG"
"UG-102","Kampala","UG"
"UG-103","Kiboga","UG"
"UG-104","Luwero","UG"
"UG-105","Masaka","UG"
"UG-106","Mpigi","UG"
"UG-107","Mubende","UG"
"UG-108","Mukono","UG"
"UG-109","Nakasongola","UG"
"UG-110","Rakai","UG"
"UG-111","Sembabule","UG"
"UG-112","Kayunga","UG"
"UG-113","Wakiso","UG"
"UG-114","Mityana","UG"
"UG-115","Nakaseke","UG"
"UG-116","Lyantonde","UG"
"UG-201","Bugiri","UG"
"UG-202","Busia","UG"
"UG-203","Iganga","UG"
"UG-204","Jinja","UG"
"UG-205","Kamuli","UG"
"UG-206","Kapchorwa","UG"
"UG-207","Katakwi","UG"
"UG-208","Kumi","UG"
"UG-209","Mbale","UG"
"UG-210","Pallisa","UG"
"UG-211","Soroti","UG"
"UG-212","Tororo","UG"
"UG-213","Kaberamaido","UG"
"UG-214","Mayuge","UG"
"UG-215","Sironko","UG"
"UG-216","Amuria","UG"
"UG-217","Budaka","UG"
"UG-218","Bukwa","UG"
"UG-219","Butaleja","UG"
"UG-220","Kaliro","UG"
"UG-221","Manafwa","UG"
"UG-222","Namutumba","UG"
"UG-223","Bududa","UG"
"UG-224","Bukedea","UG"
"UG-301","Adjumani","UG"
"UG-302","Apac","UG"
"UG-303","Arua","UG"
"UG-304","Gulu","UG"
"UG-305","Kitgum","UG"
"UG-306","Kotido","UG"
"UG-307","Lira","UG"
"UG-308","Moroto","UG"
"UG-309","Moyo","UG"
"UG-310","Nebbi","UG"
"UG-311","Nakapiripirit","UG"
"UG-312","Pader","UG"
"UG-313","Yumbe","UG"
"UG-314","Amolatar","UG"
"UG-315","Kaabong","UG"
"UG-316","Koboko","UG"
"UG-317","Abim","UG"
"UG-318","Dokolo","UG"
"UG-319","Amuru","UG"
"UG-320","Maracha","UG"
"UG-321","Oyam","UG"
"UG-401","Bundibugyo","UG"
"UG-402","Bushenyi","UG"
"UG-403","Hoima","UG"
"UG-404","Kabale","UG"
"UG-405","Kabarole","UG"
"UG-406","Kasese","UG"
"UG-407","Kibale","UG"
"UG-408","Kisoro","UG"
"UG-409","Masindi","UG"
"UG-410","Mbarara","UG"
"UG-411","Ntungamo","UG"
"UG-412","Rukungiri","UG"
"UG-413","Kamwenge","UG"
"UG-414","Kanungu","UG"
"UG-415","Kyenjojo","UG"
"UG-417","Isingiro","UG"
"UG-419","Bulisa","UG"
"UT","UTAH","US"
"UY-AR","Artigas","UY"
"UY-CA","Canelones","UY"
"UY-CL","Cerro Largo","UY"
"UY-CO","Colonia","UY"
"UY-DU","Durazno","UY"
"UY-FD","Florida","UY"
"UY-FS","Flores","UY"
"UY-LA","Lavalleja","UY"
"UY-MA","Maldonado","UY"
"UY-MO","Montevideo","UY"
"UY-PA","Paysandu","UY"
"UY-RN","Rio Negro","UY"
"UY-RO","Rocha","UY"
"UY-RV","Rivera","UY"
"UY-SA","Salto","UY"
"UY-SJ","San Jose","UY"
"UY-SO","Soriano","UY"
"UY-TA","Tacuarembo","UY"
"UY-TT","Treinta y Tres","UY"
"UZ-AN","Andijon","UZ"
"UZ-BU","Bukhoro","UZ"
"UZ-FA","Farghona","UZ"
"UZ-JI","Jizzax","UZ"
"UZ-KH","Khorazm","UZ"
"UZ-NG","Namangan","UZ"
"UZ-NW","Nawoiy","UZ"
"UZ-QA","Qashqadaryo","UZ"
"UZ-QR","Qoraqalpoghiston","UZ"
"UZ-SA","Samarqand","UZ"
"UZ-SI","Sirdaryo","UZ"
"UZ-SU","Surkhondaryo","UZ"
"UZ-TK","Toshkent Shahri","UZ"
"UZ-TO","Toshkent","UZ"
"VA","VIRGINIA","US"
"VC-01","Charlotte","VC"
"VC-04","Saint George","VC"
"VE-A","Distrito Federal","VE"
"VE-B","Anzoategui","VE"
"VE-C","Apure","VE"
"VE-D","Aragua","VE"
"VE-E","Barinas","VE"
"VE-F","Bolivar","VE"
"VE-G","Carabobo","VE"
"VE-H","Cojedes","VE"
"VE-I","Falcon","VE"
"VE-J","Guarico","VE"
"VE-K","Lara","VE"
"VE-L","Merida","VE"
"VE-M","Miranda","VE"
"VE-N","Monagas","VE"
"VE-O","Nueva Esparta","VE"
"VE-P","Portuguesa","VE"
"VE-R","Sucre","VE"
"VE-S","Tachira","VE"
"VE-T","Trujillo","VE"
"VE-U","Yaracuy","VE"
"VE-V","Zulia","VE"
"VE-X","Vargas","VE"
"VE-Y","Delta Amacuro","VE"
"VE-Z","Amazonas","VE"
"VI","VIRGIN ISLANDS","US"
"VN-01","Lai Chau","VN"
"VN-02","Lao Cai","VN"
"VN-03","Ha Giang","VN"
"VN-04","Cao Bang","VN"
"VN-05","Son La","VN"
"VN-07","Tuyen Quang","VN"
"VN-09","Lang Son","VN"
"VN-13","Quang Ninh","VN"
"VN-14","Hoa Binh","VN"
"VN-15","Ha Tay","VN"
"VN-18","Ninh Binh","VN"
"VN-20","Thai Binh","VN"
"VN-21","Thanh Hoa","VN"
"VN-22","Nghe An","VN"
"VN-23","Ha Tinh","VN"
"VN-24","Quang Binh","VN"
"VN-25","Quang Tri","VN"
"VN-26","Thua Thien","VN"
"VN-27","Quang Nam","VN"
"VN-28","Kon Tum","VN"
"VN-29","Quang Ngai","VN"
"VN-31","Binh Dinh","VN"
"VN-32","Phu Yen","VN"
"VN-33","Dak Lak","VN"
"VN-34","Khanh Hoa","VN"
"VN-35","Lam Dong","VN"
"VN-36","Ninh Thuan","VN"
"VN-37","Tay Ninh","VN"
"VN-39","Dong Nai","VN"
"VN-41","Long An","VN"
"VN-43","Ba Ria-Vung Tau","VN"
"VN-44","An Giang","VN"
"VN-45","Dong Thap","VN"
"VN-46","Tien Giang","VN"
"VN-47","Kien Giang","VN"
"VN-49","Vinh Long","VN"
"VN-50","Ben Tre","VN"
"VN-51","Tra Vinh","VN"
"VN-52","Soc Trang","VN"
"VN-57","Binh Thuan","VN"
"VN-61","Hai Duong","VN"
"VN-63","Ha Nam","VN"
"VN-66","Hung Yen","VN"
"VN-67","Nam Dinh","VN"
"VN-68","Phu Tho","VN"
"VN-69","Thai Nguyen","VN"
"VN-70","Vinh Phu","VN"
"VN-71","Dien Bien","VN"
"VN-CT","Can Tho","VN"
"VN-DN","Da Nang","VN"
"VN-HN","Ha Noi","VN"
"VN-HP","Hai Phong","VN"
"VN-SG","Ho Chi Minh","VN"
"VT","VERMONT","US"
"VU-MAP","Malampa","VU"
"VU-SAM","Sanma","VU"
"VU-SEE","Shefa","VU"
"VU-TAE","Tafea","VU"
"VU-TOB","Torba","VU"
"VY","Vysocina kraj","CZ"
"WA","WASHINGTON","US"
"WI","WISCONSIN","US"
"WS-AA","A'ana","WS"
"WS-AT","Atua","WS"
"WS-GI","Gagaifomauga","WS"
"WS-PA","Palauli","WS"
"WS-TU","Tuamasaga","WS"
"WV","WEST VIRGINIA","US"
"WY","WYOMING","US"
"YE-AB","Abyan","YE"
"YE-AD","Adan","YE"
"YE-AM","Amran","YE"
"YE-BA","Al Bayda'","YE"
"YE-DA","Ad Dali","YE"
"YE-DH","Dhamar","YE"
"YE-HD","Hadramawt","YE"
"YE-HJ","Hajjah","YE"
"YE-HU","Al Hudaydah","YE"
"YE-IB","Ibb","YE"
"YE-JA","Al Jawf","YE"
"YE-LA","Lahij","YE"
"YE-MA","Ma'rib","YE"
"YE-MR","Al Mahrah","YE"
"YE-MW","Al Mahwit","YE"
"YE-RA","Muhafazat Raymah","YE"
"YE-SD","Sa'dah","YE"
"YE-SH","Shabwah","YE"
"YE-SN","San'a'","YE"
"YE-TA","Taizz","YE"
"YT","YUKON","CA"
"ZA-EC","Eastern Cape","ZA"
"ZA-FS","Free State","ZA"
"ZA-GT","Gauteng","ZA"
"ZA-LP","Limpopo","ZA"
"ZA-MP","Mpumalanga","ZA"
"ZA-NC","Northern Cape","ZA"
"ZA-NL","KwaZulu-Natal","ZA"
"ZA-NW","North-West","ZA"
"ZA-WC","Western Cape","ZA"
"ZM-01","Western","ZM"
"ZM-02","Central","ZM"
"ZM-03","Eastern","ZM"
"ZM-04","Luapula","ZM"
"ZM-05","Northern","ZM"
"ZM-06","North-Western","ZM"
"ZM-07","Southern","ZM"
"ZM-08","Copperbelt","ZM"
"ZM-09","Lusaka","ZM"
"ZW-BU","Bulawayo","ZW"
"ZW-HA","Harare","ZW"
"ZW-MA","Manicaland","ZW"
"ZW-MC","Mashonaland Central","ZW"
"ZW-ME","Mashonaland East","ZW"
"ZW-MI","Midlands","ZW"
"ZW-MN","Matabeleland North","ZW"
"ZW-MS","Matabeleland South","ZW"
"ZW-MV","Masvingo","ZW"
"ZW-MW","Mashonaland West","ZW"
